[
{
  "model": "admin.logentry",
  "pk": 1,
  "fields": {
    "action_time": "2025-11-09T13:41:33.809Z",
    "user": 2,
    "content_type": 8,
    "object_id": "1",
    "object_repr": "Laptops",
    "action_flag": 1,
    "change_message": "[{\"added\": {}}]"
  }
},
{
  "model": "admin.logentry",
  "pk": 2,
  "fields": {
    "action_time": "2025-11-09T13:41:43.434Z",
    "user": 2,
    "content_type": 8,
    "object_id": "2",
    "object_repr": "Mobiles",
    "action_flag": 1,
    "change_message": "[{\"added\": {}}]"
  }
},
{
  "model": "admin.logentry",
  "pk": 3,
  "fields": {
    "action_time": "2025-11-09T13:41:58.181Z",
    "user": 2,
    "content_type": 8,
    "object_id": "3",
    "object_repr": "Speakers",
    "action_flag": 1,
    "change_message": "[{\"added\": {}}]"
  }
},
{
  "model": "admin.logentry",
  "pk": 4,
  "fields": {
    "action_time": "2025-11-09T13:43:42.212Z",
    "user": 2,
    "content_type": 8,
    "object_id": "1",
    "object_repr": "Computers",
    "action_flag": 2,
    "change_message": "[{\"changed\": {\"fields\": [\"Name\", \"Slug\"]}}]"
  }
},
{
  "model": "admin.logentry",
  "pk": 5,
  "fields": {
    "action_time": "2025-11-09T13:44:02.462Z",
    "user": 2,
    "content_type": 8,
    "object_id": "4",
    "object_repr": "🎧 Audio",
    "action_flag": 1,
    "change_message": "[{\"added\": {}}]"
  }
},
{
  "model": "admin.logentry",
  "pk": 6,
  "fields": {
    "action_time": "2025-11-09T13:44:13.524Z",
    "user": 2,
    "content_type": 8,
    "object_id": "2",
    "object_repr": "📱 Mobile",
    "action_flag": 2,
    "change_message": "[{\"changed\": {\"fields\": [\"Name\"]}}]"
  }
},
{
  "model": "admin.logentry",
  "pk": 7,
  "fields": {
    "action_time": "2025-11-09T13:45:04.186Z",
    "user": 2,
    "content_type": 8,
    "object_id": "3",
    "object_repr": "🎧 Audio1",
    "action_flag": 2,
    "change_message": "[{\"changed\": {\"fields\": [\"Name\", \"Slug\"]}}]"
  }
},
{
  "model": "admin.logentry",
  "pk": 8,
  "fields": {
    "action_time": "2025-11-09T13:45:31.422Z",
    "user": 2,
    "content_type": 8,
    "object_id": "3",
    "object_repr": "📷 Cameras",
    "action_flag": 2,
    "change_message": "[{\"changed\": {\"fields\": [\"Name\", \"Slug\"]}}]"
  }
},
{
  "model": "admin.logentry",
  "pk": 9,
  "fields": {
    "action_time": "2025-11-09T13:45:55.392Z",
    "user": 2,
    "content_type": 8,
    "object_id": "1",
    "object_repr": "🖥️Computers",
    "action_flag": 2,
    "change_message": "[{\"changed\": {\"fields\": [\"Name\"]}}]"
  }
},
{
  "model": "admin.logentry",
  "pk": 10,
  "fields": {
    "action_time": "2025-11-09T13:46:18.997Z",
    "user": 2,
    "content_type": 8,
    "object_id": "5",
    "object_repr": "🧠 Smart Home",
    "action_flag": 1,
    "change_message": "[{\"added\": {}}]"
  }
},
{
  "model": "admin.logentry",
  "pk": 11,
  "fields": {
    "action_time": "2025-11-09T13:46:30.910Z",
    "user": 2,
    "content_type": 8,
    "object_id": "6",
    "object_repr": "🎮 Gaming",
    "action_flag": 1,
    "change_message": "[{\"added\": {}}]"
  }
},
{
  "model": "admin.logentry",
  "pk": 12,
  "fields": {
    "action_time": "2025-11-09T13:46:46.611Z",
    "user": 2,
    "content_type": 8,
    "object_id": "7",
    "object_repr": "🚀 Wearable Tech",
    "action_flag": 1,
    "change_message": "[{\"added\": {}}]"
  }
},
{
  "model": "admin.logentry",
  "pk": 13,
  "fields": {
    "action_time": "2025-11-09T13:49:19.117Z",
    "user": 2,
    "content_type": 9,
    "object_id": "1",
    "object_repr": "Laptop",
    "action_flag": 1,
    "change_message": "[{\"added\": {}}]"
  }
},
{
  "model": "admin.logentry",
  "pk": 14,
  "fields": {
    "action_time": "2025-11-10T03:02:38.159Z",
    "user": 2,
    "content_type": 7,
    "object_id": "1",
    "object_repr": "HP Pavilion 14\" Laptop",
    "action_flag": 1,
    "change_message": "[{\"added\": {}}]"
  }
},
{
  "model": "admin.logentry",
  "pk": 15,
  "fields": {
    "action_time": "2025-11-10T03:13:46.130Z",
    "user": 2,
    "content_type": 7,
    "object_id": "2",
    "object_repr": "Samsung Galaxy S23 Ultra",
    "action_flag": 1,
    "change_message": "[{\"added\": {}}]"
  }
},
{
  "model": "admin.logentry",
  "pk": 16,
  "fields": {
    "action_time": "2025-11-10T03:23:42.269Z",
    "user": 2,
    "content_type": 7,
    "object_id": "3",
    "object_repr": "JBL Charge 5 Portable Speaker",
    "action_flag": 1,
    "change_message": "[{\"added\": {}}]"
  }
},
{
  "model": "admin.logentry",
  "pk": 17,
  "fields": {
    "action_time": "2025-11-10T05:07:42.504Z",
    "user": 2,
    "content_type": 9,
    "object_id": "2",
    "object_repr": "Laptops",
    "action_flag": 1,
    "change_message": "[{\"added\": {}}]"
  }
},
{
  "model": "admin.logentry",
  "pk": 18,
  "fields": {
    "action_time": "2025-11-10T05:46:28.796Z",
    "user": 2,
    "content_type": 9,
    "object_id": "3",
    "object_repr": "Laptops",
    "action_flag": 1,
    "change_message": "[{\"added\": {}}]"
  }
},
{
  "model": "admin.logentry",
  "pk": 19,
  "fields": {
    "action_time": "2025-11-10T06:00:24.792Z",
    "user": 2,
    "content_type": 9,
    "object_id": "4",
    "object_repr": "phone",
    "action_flag": 1,
    "change_message": "[{\"added\": {}}]"
  }
},
{
  "model": "admin.logentry",
  "pk": 20,
  "fields": {
    "action_time": "2025-11-10T10:44:01.961Z",
    "user": 2,
    "content_type": 9,
    "object_id": "5",
    "object_repr": "Speakers",
    "action_flag": 1,
    "change_message": "[{\"added\": {}}]"
  }
},
{
  "model": "admin.logentry",
  "pk": 21,
  "fields": {
    "action_time": "2025-11-10T10:54:34.243Z",
    "user": 2,
    "content_type": 9,
    "object_id": "6",
    "object_repr": "smart watch",
    "action_flag": 1,
    "change_message": "[{\"added\": {}}]"
  }
},
{
  "model": "admin.logentry",
  "pk": 22,
  "fields": {
    "action_time": "2025-11-10T10:54:38.579Z",
    "user": 2,
    "content_type": 7,
    "object_id": "5",
    "object_repr": "smart watch",
    "action_flag": 1,
    "change_message": "[{\"added\": {}}]"
  }
},
{
  "model": "admin.logentry",
  "pk": 23,
  "fields": {
    "action_time": "2025-11-10T15:24:04.384Z",
    "user": 2,
    "content_type": 8,
    "object_id": "1",
    "object_repr": "🖥️ Computing & Office Gadgets",
    "action_flag": 2,
    "change_message": "[{\"changed\": {\"fields\": [\"Name\"]}}]"
  }
},
{
  "model": "admin.logentry",
  "pk": 24,
  "fields": {
    "action_time": "2025-11-10T15:24:21.630Z",
    "user": 2,
    "content_type": 8,
    "object_id": "2",
    "object_repr": "📱 Mobile & Smart Devices",
    "action_flag": 2,
    "change_message": "[{\"changed\": {\"fields\": [\"Name\"]}}]"
  }
},
{
  "model": "admin.logentry",
  "pk": 25,
  "fields": {
    "action_time": "2025-11-10T15:24:45.288Z",
    "user": 2,
    "content_type": 8,
    "object_id": "4",
    "object_repr": "🎧 Audio Gadgets",
    "action_flag": 2,
    "change_message": "[{\"changed\": {\"fields\": [\"Name\"]}}]"
  }
},
{
  "model": "admin.logentry",
  "pk": 26,
  "fields": {
    "action_time": "2025-11-10T15:25:02.115Z",
    "user": 2,
    "content_type": 8,
    "object_id": "3",
    "object_repr": "📷 Cameras & Photography Gadgets",
    "action_flag": 2,
    "change_message": "[{\"changed\": {\"fields\": [\"Name\"]}}]"
  }
},
{
  "model": "admin.logentry",
  "pk": 27,
  "fields": {
    "action_time": "2025-11-10T15:25:07.977Z",
    "user": 2,
    "content_type": 8,
    "object_id": "5",
    "object_repr": "🧠 Smart Home Gadgets",
    "action_flag": 2,
    "change_message": "[{\"changed\": {\"fields\": [\"Name\"]}}]"
  }
},
{
  "model": "admin.logentry",
  "pk": 28,
  "fields": {
    "action_time": "2025-11-10T15:25:23.110Z",
    "user": 2,
    "content_type": 8,
    "object_id": "6",
    "object_repr": "🎮 Gaming Gadgets",
    "action_flag": 2,
    "change_message": "[{\"changed\": {\"fields\": [\"Name\"]}}]"
  }
},
{
  "model": "admin.logentry",
  "pk": 29,
  "fields": {
    "action_time": "2025-11-10T15:25:29.048Z",
    "user": 2,
    "content_type": 8,
    "object_id": "7",
    "object_repr": "🚀 Wearable Tech",
    "action_flag": 2,
    "change_message": "[]"
  }
},
{
  "model": "admin.logentry",
  "pk": 30,
  "fields": {
    "action_time": "2025-11-10T15:25:41.411Z",
    "user": 2,
    "content_type": 8,
    "object_id": "8",
    "object_repr": "🚗 Automotive Gadgets",
    "action_flag": 1,
    "change_message": "[{\"added\": {}}]"
  }
},
{
  "model": "admin.logentry",
  "pk": 31,
  "fields": {
    "action_time": "2025-11-10T15:25:54.741Z",
    "user": 2,
    "content_type": 8,
    "object_id": "9",
    "object_repr": "⚙️ Everyday Utility Gadgets",
    "action_flag": 1,
    "change_message": "[{\"added\": {}}]"
  }
},
{
  "model": "admin.logentry",
  "pk": 32,
  "fields": {
    "action_time": "2025-11-18T13:08:11.817Z",
    "user": 3,
    "content_type": 24,
    "object_id": "1",
    "object_repr": "Groceries",
    "action_flag": 1,
    "change_message": "[{\"added\": {}}]"
  }
},
{
  "model": "admin.logentry",
  "pk": 33,
  "fields": {
    "action_time": "2025-11-18T13:09:59.862Z",
    "user": 3,
    "content_type": 24,
    "object_id": "2",
    "object_repr": "Electronics",
    "action_flag": 1,
    "change_message": "[{\"added\": {}}]"
  }
},
{
  "model": "admin.logentry",
  "pk": 34,
  "fields": {
    "action_time": "2025-11-18T13:10:13.018Z",
    "user": 3,
    "content_type": 24,
    "object_id": "1",
    "object_repr": "Grocery",
    "action_flag": 2,
    "change_message": "[{\"changed\": {\"fields\": [\"Name\", \"Slug\"]}}]"
  }
},
{
  "model": "admin.logentry",
  "pk": 35,
  "fields": {
    "action_time": "2025-11-18T13:10:25.202Z",
    "user": 3,
    "content_type": 24,
    "object_id": "3",
    "object_repr": "Fashion",
    "action_flag": 1,
    "change_message": "[{\"added\": {}}]"
  }
},
{
  "model": "admin.logentry",
  "pk": 36,
  "fields": {
    "action_time": "2025-11-18T13:10:33.400Z",
    "user": 3,
    "content_type": 24,
    "object_id": "4",
    "object_repr": "Books",
    "action_flag": 1,
    "change_message": "[{\"added\": {}}]"
  }
},
{
  "model": "admin.logentry",
  "pk": 37,
  "fields": {
    "action_time": "2025-11-18T13:10:44.103Z",
    "user": 3,
    "content_type": 24,
    "object_id": "5",
    "object_repr": "Furniture",
    "action_flag": 1,
    "change_message": "[{\"added\": {}}]"
  }
},
{
  "model": "admin.logentry",
  "pk": 38,
  "fields": {
    "action_time": "2025-11-18T13:10:54.129Z",
    "user": 3,
    "content_type": 24,
    "object_id": "6",
    "object_repr": "Cosmetics",
    "action_flag": 1,
    "change_message": "[{\"added\": {}}]"
  }
},
{
  "model": "admin.logentry",
  "pk": 39,
  "fields": {
    "action_time": "2025-11-18T13:11:11.116Z",
    "user": 3,
    "content_type": 24,
    "object_id": "7",
    "object_repr": "Dress",
    "action_flag": 1,
    "change_message": "[{\"added\": {}}]"
  }
},
{
  "model": "admin.logentry",
  "pk": 40,
  "fields": {
    "action_time": "2025-11-18T13:11:35.911Z",
    "user": 3,
    "content_type": 24,
    "object_id": "8",
    "object_repr": "Stationery",
    "action_flag": 1,
    "change_message": "[{\"added\": {}}]"
  }
},
{
  "model": "admin.logentry",
  "pk": 41,
  "fields": {
    "action_time": "2025-11-19T07:47:19.177Z",
    "user": 3,
    "content_type": 24,
    "object_id": "9",
    "object_repr": "vegetables",
    "action_flag": 1,
    "change_message": "[{\"added\": {}}]"
  }
},
{
  "model": "admin.logentry",
  "pk": 42,
  "fields": {
    "action_time": "2025-11-19T07:47:27.780Z",
    "user": 3,
    "content_type": 24,
    "object_id": "10",
    "object_repr": "fruits",
    "action_flag": 1,
    "change_message": "[{\"added\": {}}]"
  }
},
{
  "model": "admin.logentry",
  "pk": 43,
  "fields": {
    "action_time": "2025-11-19T07:47:34.276Z",
    "user": 3,
    "content_type": 24,
    "object_id": "9",
    "object_repr": "Vegetables",
    "action_flag": 2,
    "change_message": "[{\"changed\": {\"fields\": [\"Name\"]}}]"
  }
},
{
  "model": "admin.logentry",
  "pk": 44,
  "fields": {
    "action_time": "2025-11-19T07:47:41.854Z",
    "user": 3,
    "content_type": 24,
    "object_id": "10",
    "object_repr": "Fruits",
    "action_flag": 2,
    "change_message": "[{\"changed\": {\"fields\": [\"Name\"]}}]"
  }
},
{
  "model": "admin.logentry",
  "pk": 45,
  "fields": {
    "action_time": "2025-11-19T07:52:54.204Z",
    "user": 3,
    "content_type": 25,
    "object_id": "1",
    "object_repr": "Tomato",
    "action_flag": 1,
    "change_message": "[{\"added\": {}}]"
  }
},
{
  "model": "admin.logentry",
  "pk": 46,
  "fields": {
    "action_time": "2025-11-20T16:22:44.451Z",
    "user": 5,
    "content_type": 8,
    "object_id": "10",
    "object_repr": "Electronics",
    "action_flag": 1,
    "change_message": "[{\"added\": {}}]"
  }
},
{
  "model": "admin.logentry",
  "pk": 47,
  "fields": {
    "action_time": "2025-11-20T16:23:54.937Z",
    "user": 5,
    "content_type": 9,
    "object_id": "7",
    "object_repr": "Product object (7)",
    "action_flag": 1,
    "change_message": "[{\"added\": {}}]"
  }
},
{
  "model": "admin.logentry",
  "pk": 48,
  "fields": {
    "action_time": "2025-11-20T16:29:39.639Z",
    "user": 5,
    "content_type": 8,
    "object_id": "11",
    "object_repr": "Battery",
    "action_flag": 1,
    "change_message": "[{\"added\": {}}]"
  }
},
{
  "model": "admin.logentry",
  "pk": 49,
  "fields": {
    "action_time": "2025-11-20T16:32:13.275Z",
    "user": 5,
    "content_type": 9,
    "object_id": "8",
    "object_repr": "Product object (8)",
    "action_flag": 1,
    "change_message": "[{\"added\": {}}]"
  }
},
{
  "model": "admin.logentry",
  "pk": 50,
  "fields": {
    "action_time": "2025-11-21T12:48:12.969Z",
    "user": 5,
    "content_type": 8,
    "object_id": "12",
    "object_repr": "smart-tv",
    "action_flag": 1,
    "change_message": "[{\"added\": {}}]"
  }
},
{
  "model": "admin.logentry",
  "pk": 51,
  "fields": {
    "action_time": "2025-11-21T12:48:29.271Z",
    "user": 5,
    "content_type": 8,
    "object_id": "12",
    "object_repr": "Smart-tv",
    "action_flag": 2,
    "change_message": "[{\"changed\": {\"fields\": [\"Name\"]}}]"
  }
},
{
  "model": "admin.logentry",
  "pk": 52,
  "fields": {
    "action_time": "2025-11-21T12:48:50.287Z",
    "user": 5,
    "content_type": 8,
    "object_id": "13",
    "object_repr": "Smart Watch",
    "action_flag": 1,
    "change_message": "[{\"added\": {}}]"
  }
},
{
  "model": "admin.logentry",
  "pk": 53,
  "fields": {
    "action_time": "2025-11-21T12:49:05.025Z",
    "user": 5,
    "content_type": 8,
    "object_id": "14",
    "object_repr": "Speaker",
    "action_flag": 1,
    "change_message": "[{\"added\": {}}]"
  }
},
{
  "model": "admin.logentry",
  "pk": 54,
  "fields": {
    "action_time": "2025-11-21T12:49:24.391Z",
    "user": 5,
    "content_type": 8,
    "object_id": "15",
    "object_repr": "Laptop",
    "action_flag": 1,
    "change_message": "[{\"added\": {}}]"
  }
},
{
  "model": "admin.logentry",
  "pk": 55,
  "fields": {
    "action_time": "2025-11-21T12:49:40.595Z",
    "user": 5,
    "content_type": 8,
    "object_id": "16",
    "object_repr": "Computer Mouse",
    "action_flag": 1,
    "change_message": "[{\"added\": {}}]"
  }
},
{
  "model": "admin.logentry",
  "pk": 56,
  "fields": {
    "action_time": "2025-11-21T12:49:52.785Z",
    "user": 5,
    "content_type": 8,
    "object_id": "17",
    "object_repr": "Keyboard",
    "action_flag": 1,
    "change_message": "[{\"added\": {}}]"
  }
},
{
  "model": "admin.logentry",
  "pk": 57,
  "fields": {
    "action_time": "2025-11-21T12:54:54.535Z",
    "user": 5,
    "content_type": 9,
    "object_id": "9",
    "object_repr": "Product object (9)",
    "action_flag": 1,
    "change_message": "[{\"added\": {}}]"
  }
},
{
  "model": "admin.logentry",
  "pk": 58,
  "fields": {
    "action_time": "2025-11-21T12:55:23.639Z",
    "user": 5,
    "content_type": 9,
    "object_id": "9",
    "object_repr": "Product object (9)",
    "action_flag": 2,
    "change_message": "[{\"changed\": {\"fields\": [\"Image\"]}}]"
  }
},
{
  "model": "admin.logentry",
  "pk": 59,
  "fields": {
    "action_time": "2025-11-21T12:57:08.621Z",
    "user": 5,
    "content_type": 8,
    "object_id": "18",
    "object_repr": "Computer",
    "action_flag": 1,
    "change_message": "[{\"added\": {}}]"
  }
},
{
  "model": "admin.logentry",
  "pk": 60,
  "fields": {
    "action_time": "2025-11-21T12:57:39.557Z",
    "user": 5,
    "content_type": 8,
    "object_id": "13",
    "object_repr": "Smart Watch",
    "action_flag": 2,
    "change_message": "[]"
  }
},
{
  "model": "admin.logentry",
  "pk": 61,
  "fields": {
    "action_time": "2025-11-21T12:57:59.742Z",
    "user": 5,
    "content_type": 9,
    "object_id": "9",
    "object_repr": "Product object (9)",
    "action_flag": 2,
    "change_message": "[{\"changed\": {\"fields\": [\"Name\"]}}]"
  }
},
{
  "model": "admin.logentry",
  "pk": 62,
  "fields": {
    "action_time": "2025-11-21T12:59:42.454Z",
    "user": 5,
    "content_type": 9,
    "object_id": "9",
    "object_repr": "Product object (9)",
    "action_flag": 3,
    "change_message": ""
  }
},
{
  "model": "admin.logentry",
  "pk": 63,
  "fields": {
    "action_time": "2025-11-21T13:07:33.727Z",
    "user": 5,
    "content_type": 9,
    "object_id": "10",
    "object_repr": "Product object (10)",
    "action_flag": 1,
    "change_message": "[{\"added\": {}}]"
  }
},
{
  "model": "admin.logentry",
  "pk": 64,
  "fields": {
    "action_time": "2025-11-21T13:07:43.673Z",
    "user": 5,
    "content_type": 9,
    "object_id": "10",
    "object_repr": "Product object (10)",
    "action_flag": 2,
    "change_message": "[{\"changed\": {\"fields\": [\"Image\"]}}]"
  }
},
{
  "model": "admin.logentry",
  "pk": 65,
  "fields": {
    "action_time": "2025-11-21T13:08:12.744Z",
    "user": 5,
    "content_type": 9,
    "object_id": "10",
    "object_repr": "Product object (10)",
    "action_flag": 3,
    "change_message": ""
  }
},
{
  "model": "admin.logentry",
  "pk": 66,
  "fields": {
    "action_time": "2025-11-21T13:10:32.785Z",
    "user": 5,
    "content_type": 9,
    "object_id": "11",
    "object_repr": "Product object (11)",
    "action_flag": 1,
    "change_message": "[{\"added\": {}}]"
  }
},
{
  "model": "admin.logentry",
  "pk": 67,
  "fields": {
    "action_time": "2025-11-21T13:22:26.986Z",
    "user": 5,
    "content_type": 9,
    "object_id": "12",
    "object_repr": "Product object (12)",
    "action_flag": 1,
    "change_message": "[{\"added\": {}}]"
  }
},
{
  "model": "admin.logentry",
  "pk": 68,
  "fields": {
    "action_time": "2025-11-21T13:22:35.639Z",
    "user": 5,
    "content_type": 9,
    "object_id": "12",
    "object_repr": "Product object (12)",
    "action_flag": 2,
    "change_message": "[{\"changed\": {\"fields\": [\"Image\"]}}]"
  }
},
{
  "model": "admin.logentry",
  "pk": 69,
  "fields": {
    "action_time": "2025-11-21T13:28:14.278Z",
    "user": 5,
    "content_type": 9,
    "object_id": "13",
    "object_repr": "Product object (13)",
    "action_flag": 1,
    "change_message": "[{\"added\": {}}]"
  }
},
{
  "model": "admin.logentry",
  "pk": 70,
  "fields": {
    "action_time": "2025-11-21T13:33:54.816Z",
    "user": 5,
    "content_type": 9,
    "object_id": "14",
    "object_repr": "Product object (14)",
    "action_flag": 1,
    "change_message": "[{\"added\": {}}]"
  }
},
{
  "model": "admin.logentry",
  "pk": 71,
  "fields": {
    "action_time": "2025-11-21T13:40:42.232Z",
    "user": 5,
    "content_type": 9,
    "object_id": "15",
    "object_repr": "Product object (15)",
    "action_flag": 1,
    "change_message": "[{\"added\": {}}]"
  }
},
{
  "model": "admin.logentry",
  "pk": 72,
  "fields": {
    "action_time": "2025-11-21T13:44:28.353Z",
    "user": 5,
    "content_type": 8,
    "object_id": "18",
    "object_repr": "Computer",
    "action_flag": 3,
    "change_message": ""
  }
},
{
  "model": "admin.logentry",
  "pk": 73,
  "fields": {
    "action_time": "2025-11-21T13:44:28.353Z",
    "user": 5,
    "content_type": 8,
    "object_id": "17",
    "object_repr": "Keyboard",
    "action_flag": 3,
    "change_message": ""
  }
},
{
  "model": "admin.logentry",
  "pk": 74,
  "fields": {
    "action_time": "2025-11-21T13:44:28.353Z",
    "user": 5,
    "content_type": 8,
    "object_id": "16",
    "object_repr": "Computer Mouse",
    "action_flag": 3,
    "change_message": ""
  }
},
{
  "model": "admin.logentry",
  "pk": 75,
  "fields": {
    "action_time": "2025-11-21T13:44:28.353Z",
    "user": 5,
    "content_type": 8,
    "object_id": "15",
    "object_repr": "Laptop",
    "action_flag": 3,
    "change_message": ""
  }
},
{
  "model": "admin.logentry",
  "pk": 76,
  "fields": {
    "action_time": "2025-11-21T13:44:28.353Z",
    "user": 5,
    "content_type": 8,
    "object_id": "14",
    "object_repr": "Speaker",
    "action_flag": 3,
    "change_message": ""
  }
},
{
  "model": "admin.logentry",
  "pk": 77,
  "fields": {
    "action_time": "2025-11-21T13:44:28.353Z",
    "user": 5,
    "content_type": 8,
    "object_id": "13",
    "object_repr": "Smart Watch",
    "action_flag": 3,
    "change_message": ""
  }
},
{
  "model": "admin.logentry",
  "pk": 78,
  "fields": {
    "action_time": "2025-11-21T13:44:28.353Z",
    "user": 5,
    "content_type": 8,
    "object_id": "12",
    "object_repr": "Smart-tv",
    "action_flag": 3,
    "change_message": ""
  }
},
{
  "model": "admin.logentry",
  "pk": 79,
  "fields": {
    "action_time": "2025-11-21T13:44:28.353Z",
    "user": 5,
    "content_type": 8,
    "object_id": "11",
    "object_repr": "Battery",
    "action_flag": 3,
    "change_message": ""
  }
},
{
  "model": "admin.logentry",
  "pk": 80,
  "fields": {
    "action_time": "2025-11-21T13:44:28.353Z",
    "user": 5,
    "content_type": 8,
    "object_id": "10",
    "object_repr": "Electronics",
    "action_flag": 3,
    "change_message": ""
  }
},
{
  "model": "admin.logentry",
  "pk": 81,
  "fields": {
    "action_time": "2025-11-21T13:57:26.044Z",
    "user": 5,
    "content_type": 9,
    "object_id": "16",
    "object_repr": "Product object (16)",
    "action_flag": 1,
    "change_message": "[{\"added\": {}}]"
  }
},
{
  "model": "admin.logentry",
  "pk": 82,
  "fields": {
    "action_time": "2025-11-21T13:58:29.888Z",
    "user": 5,
    "content_type": 9,
    "object_id": "16",
    "object_repr": "Product object (16)",
    "action_flag": 2,
    "change_message": "[{\"changed\": {\"fields\": [\"Image\"]}}]"
  }
},
{
  "model": "admin.logentry",
  "pk": 83,
  "fields": {
    "action_time": "2025-11-21T13:58:40.346Z",
    "user": 5,
    "content_type": 9,
    "object_id": "16",
    "object_repr": "Product object (16)",
    "action_flag": 2,
    "change_message": "[{\"changed\": {\"fields\": [\"Image\"]}}]"
  }
},
{
  "model": "admin.logentry",
  "pk": 84,
  "fields": {
    "action_time": "2025-11-21T14:19:20.361Z",
    "user": 5,
    "content_type": 9,
    "object_id": "17",
    "object_repr": "Product object (17)",
    "action_flag": 1,
    "change_message": "[{\"added\": {}}]"
  }
},
{
  "model": "admin.logentry",
  "pk": 85,
  "fields": {
    "action_time": "2025-11-21T14:33:46.535Z",
    "user": 5,
    "content_type": 9,
    "object_id": "18",
    "object_repr": "Product object (18)",
    "action_flag": 1,
    "change_message": "[{\"added\": {}}]"
  }
},
{
  "model": "admin.logentry",
  "pk": 86,
  "fields": {
    "action_time": "2025-11-21T14:36:12.384Z",
    "user": 5,
    "content_type": 9,
    "object_id": "18",
    "object_repr": "Product object (18)",
    "action_flag": 3,
    "change_message": ""
  }
},
{
  "model": "admin.logentry",
  "pk": 87,
  "fields": {
    "action_time": "2025-11-21T14:36:37.874Z",
    "user": 5,
    "content_type": 9,
    "object_id": "19",
    "object_repr": "Product object (19)",
    "action_flag": 1,
    "change_message": "[{\"added\": {}}]"
  }
},
{
  "model": "admin.logentry",
  "pk": 88,
  "fields": {
    "action_time": "2025-11-21T14:57:43.171Z",
    "user": 5,
    "content_type": 8,
    "object_id": "9",
    "object_repr": "⚙️ Everyday Utility Gadgets",
    "action_flag": 3,
    "change_message": ""
  }
},
{
  "model": "admin.logentry",
  "pk": 89,
  "fields": {
    "action_time": "2025-11-21T14:57:43.171Z",
    "user": 5,
    "content_type": 8,
    "object_id": "8",
    "object_repr": "🚗 Automotive Gadgets",
    "action_flag": 3,
    "change_message": ""
  }
},
{
  "model": "admin.logentry",
  "pk": 90,
  "fields": {
    "action_time": "2025-11-23T14:45:36.398Z",
    "user": 5,
    "content_type": 9,
    "object_id": "20",
    "object_repr": "Product object (20)",
    "action_flag": 1,
    "change_message": "[{\"added\": {}}]"
  }
},
{
  "model": "admin.logentry",
  "pk": 91,
  "fields": {
    "action_time": "2025-11-24T14:41:25.170Z",
    "user": 5,
    "content_type": 9,
    "object_id": "19",
    "object_repr": "Vivo X200 Pro",
    "action_flag": 3,
    "change_message": ""
  }
},
{
  "model": "admin.logentry",
  "pk": 92,
  "fields": {
    "action_time": "2025-11-24T14:41:25.170Z",
    "user": 5,
    "content_type": 9,
    "object_id": "17",
    "object_repr": "Computers",
    "action_flag": 3,
    "change_message": ""
  }
},
{
  "model": "admin.logentry",
  "pk": 93,
  "fields": {
    "action_time": "2025-11-24T14:41:25.170Z",
    "user": 5,
    "content_type": 9,
    "object_id": "16",
    "object_repr": "Mobile",
    "action_flag": 3,
    "change_message": ""
  }
},
{
  "model": "admin.logentry",
  "pk": 94,
  "fields": {
    "action_time": "2025-11-24T14:41:25.170Z",
    "user": 5,
    "content_type": 9,
    "object_id": "6",
    "object_repr": "smart watch",
    "action_flag": 3,
    "change_message": ""
  }
},
{
  "model": "admin.logentry",
  "pk": 95,
  "fields": {
    "action_time": "2025-11-24T14:41:25.170Z",
    "user": 5,
    "content_type": 9,
    "object_id": "5",
    "object_repr": "Speakers",
    "action_flag": 3,
    "change_message": ""
  }
},
{
  "model": "admin.logentry",
  "pk": 96,
  "fields": {
    "action_time": "2025-11-24T14:41:25.170Z",
    "user": 5,
    "content_type": 9,
    "object_id": "4",
    "object_repr": "phone",
    "action_flag": 3,
    "change_message": ""
  }
},
{
  "model": "admin.logentry",
  "pk": 97,
  "fields": {
    "action_time": "2025-11-24T14:41:25.170Z",
    "user": 5,
    "content_type": 9,
    "object_id": "3",
    "object_repr": "Laptops",
    "action_flag": 3,
    "change_message": ""
  }
},
{
  "model": "admin.logentry",
  "pk": 98,
  "fields": {
    "action_time": "2025-11-24T14:41:25.170Z",
    "user": 5,
    "content_type": 9,
    "object_id": "2",
    "object_repr": "Laptops",
    "action_flag": 3,
    "change_message": ""
  }
},
{
  "model": "admin.logentry",
  "pk": 99,
  "fields": {
    "action_time": "2025-11-24T14:41:25.170Z",
    "user": 5,
    "content_type": 9,
    "object_id": "1",
    "object_repr": "Laptop",
    "action_flag": 3,
    "change_message": ""
  }
},
{
  "model": "admin.logentry",
  "pk": 100,
  "fields": {
    "action_time": "2025-11-25T16:34:28.892Z",
    "user": 5,
    "content_type": 9,
    "object_id": "21",
    "object_repr": "Dell Vostro",
    "action_flag": 1,
    "change_message": "[{\"added\": {}}]"
  }
},
{
  "model": "admin.logentry",
  "pk": 101,
  "fields": {
    "action_time": "2025-11-25T16:37:10.405Z",
    "user": 5,
    "content_type": 9,
    "object_id": "21",
    "object_repr": "Dell Vostro",
    "action_flag": 2,
    "change_message": "[{\"changed\": {\"fields\": [\"Discount price\"]}}]"
  }
},
{
  "model": "admin.logentry",
  "pk": 102,
  "fields": {
    "action_time": "2025-11-25T16:40:39.432Z",
    "user": 5,
    "content_type": 9,
    "object_id": "22",
    "object_repr": "Dell XPS",
    "action_flag": 1,
    "change_message": "[{\"added\": {}}]"
  }
},
{
  "model": "admin.logentry",
  "pk": 103,
  "fields": {
    "action_time": "2025-11-26T07:53:16.943Z",
    "user": 5,
    "content_type": 9,
    "object_id": "23",
    "object_repr": "Dell Latitude",
    "action_flag": 1,
    "change_message": "[{\"added\": {}}]"
  }
},
{
  "model": "admin.logentry",
  "pk": 104,
  "fields": {
    "action_time": "2025-11-26T07:53:38.146Z",
    "user": 5,
    "content_type": 9,
    "object_id": "23",
    "object_repr": "Dell Latitude",
    "action_flag": 2,
    "change_message": "[{\"changed\": {\"fields\": [\"Image\"]}}]"
  }
},
{
  "model": "admin.logentry",
  "pk": 105,
  "fields": {
    "action_time": "2025-11-26T07:59:32.224Z",
    "user": 5,
    "content_type": 9,
    "object_id": "24",
    "object_repr": "Dell Alienware",
    "action_flag": 1,
    "change_message": "[{\"added\": {}}]"
  }
},
{
  "model": "admin.logentry",
  "pk": 106,
  "fields": {
    "action_time": "2025-11-26T08:03:38.519Z",
    "user": 5,
    "content_type": 9,
    "object_id": "25",
    "object_repr": "HP Pavilion",
    "action_flag": 1,
    "change_message": "[{\"added\": {}}]"
  }
},
{
  "model": "admin.logentry",
  "pk": 107,
  "fields": {
    "action_time": "2025-11-26T08:06:23.685Z",
    "user": 5,
    "content_type": 9,
    "object_id": "26",
    "object_repr": "HP Victus",
    "action_flag": 1,
    "change_message": "[{\"added\": {}}]"
  }
},
{
  "model": "admin.logentry",
  "pk": 108,
  "fields": {
    "action_time": "2025-11-26T08:16:49.960Z",
    "user": 5,
    "content_type": 9,
    "object_id": "27",
    "object_repr": "HP Omen",
    "action_flag": 1,
    "change_message": "[{\"added\": {}}]"
  }
},
{
  "model": "admin.logentry",
  "pk": 109,
  "fields": {
    "action_time": "2025-11-26T08:17:00.283Z",
    "user": 5,
    "content_type": 9,
    "object_id": "27",
    "object_repr": "HP Omen",
    "action_flag": 2,
    "change_message": "[{\"changed\": {\"fields\": [\"Image\"]}}]"
  }
},
{
  "model": "admin.logentry",
  "pk": 110,
  "fields": {
    "action_time": "2025-11-26T08:21:59.136Z",
    "user": 5,
    "content_type": 9,
    "object_id": "28",
    "object_repr": "HP Envy",
    "action_flag": 1,
    "change_message": "[{\"added\": {}}]"
  }
},
{
  "model": "admin.logentry",
  "pk": 111,
  "fields": {
    "action_time": "2025-11-26T08:24:20.258Z",
    "user": 5,
    "content_type": 9,
    "object_id": "29",
    "object_repr": "HP Spectre",
    "action_flag": 1,
    "change_message": "[{\"added\": {}}]"
  }
},
{
  "model": "admin.logentry",
  "pk": 112,
  "fields": {
    "action_time": "2025-11-26T08:26:56.009Z",
    "user": 5,
    "content_type": 9,
    "object_id": "30",
    "object_repr": "HP EliteBook",
    "action_flag": 1,
    "change_message": "[{\"added\": {}}]"
  }
},
{
  "model": "admin.logentry",
  "pk": 113,
  "fields": {
    "action_time": "2025-11-26T08:28:25.751Z",
    "user": 5,
    "content_type": 9,
    "object_id": "31",
    "object_repr": "lenova",
    "action_flag": 1,
    "change_message": "[{\"added\": {}}]"
  }
},
{
  "model": "admin.logentry",
  "pk": 114,
  "fields": {
    "action_time": "2025-11-26T08:49:31.360Z",
    "user": 5,
    "content_type": 9,
    "object_id": "32",
    "object_repr": "Lenovo ThinkPad",
    "action_flag": 1,
    "change_message": "[{\"added\": {}}]"
  }
},
{
  "model": "admin.logentry",
  "pk": 115,
  "fields": {
    "action_time": "2025-11-26T08:57:08.566Z",
    "user": 5,
    "content_type": 9,
    "object_id": "33",
    "object_repr": "Lenovo Legion",
    "action_flag": 1,
    "change_message": "[{\"added\": {}}]"
  }
},
{
  "model": "admin.logentry",
  "pk": 116,
  "fields": {
    "action_time": "2025-11-26T08:58:34.890Z",
    "user": 5,
    "content_type": 9,
    "object_id": "34",
    "object_repr": "Lenovo LOQ",
    "action_flag": 1,
    "change_message": "[{\"added\": {}}]"
  }
},
{
  "model": "admin.logentry",
  "pk": 117,
  "fields": {
    "action_time": "2025-11-26T08:58:45.121Z",
    "user": 5,
    "content_type": 9,
    "object_id": "34",
    "object_repr": "Lenovo LOQ",
    "action_flag": 2,
    "change_message": "[{\"changed\": {\"fields\": [\"Image\"]}}]"
  }
},
{
  "model": "admin.logentry",
  "pk": 118,
  "fields": {
    "action_time": "2025-11-26T09:06:42.107Z",
    "user": 5,
    "content_type": 9,
    "object_id": "35",
    "object_repr": "Acer Aspire",
    "action_flag": 1,
    "change_message": "[{\"added\": {}}]"
  }
},
{
  "model": "admin.logentry",
  "pk": 119,
  "fields": {
    "action_time": "2025-11-26T09:08:09.007Z",
    "user": 5,
    "content_type": 9,
    "object_id": "36",
    "object_repr": "Acer Nitro",
    "action_flag": 1,
    "change_message": "[{\"added\": {}}]"
  }
},
{
  "model": "admin.logentry",
  "pk": 120,
  "fields": {
    "action_time": "2025-11-26T09:09:47.181Z",
    "user": 5,
    "content_type": 9,
    "object_id": "37",
    "object_repr": "Acer Predator",
    "action_flag": 1,
    "change_message": "[{\"added\": {}}]"
  }
},
{
  "model": "admin.logentry",
  "pk": 121,
  "fields": {
    "action_time": "2025-11-26T09:11:05.923Z",
    "user": 5,
    "content_type": 9,
    "object_id": "38",
    "object_repr": "Acer Swift",
    "action_flag": 1,
    "change_message": "[{\"added\": {}}]"
  }
},
{
  "model": "admin.logentry",
  "pk": 122,
  "fields": {
    "action_time": "2025-11-26T09:12:08.609Z",
    "user": 5,
    "content_type": 9,
    "object_id": "39",
    "object_repr": "Acer Spin",
    "action_flag": 1,
    "change_message": "[{\"added\": {}}]"
  }
},
{
  "model": "admin.logentry",
  "pk": 123,
  "fields": {
    "action_time": "2025-11-26T09:12:16.038Z",
    "user": 5,
    "content_type": 9,
    "object_id": "39",
    "object_repr": "Acer Spin",
    "action_flag": 2,
    "change_message": "[{\"changed\": {\"fields\": [\"Image\"]}}]"
  }
},
{
  "model": "admin.logentry",
  "pk": 124,
  "fields": {
    "action_time": "2025-11-26T09:17:27.686Z",
    "user": 5,
    "content_type": 9,
    "object_id": "40",
    "object_repr": "Samsung Galaxy Book Odyssey",
    "action_flag": 1,
    "change_message": "[{\"added\": {}}]"
  }
},
{
  "model": "admin.logentry",
  "pk": 125,
  "fields": {
    "action_time": "2025-11-26T09:18:31.368Z",
    "user": 5,
    "content_type": 9,
    "object_id": "41",
    "object_repr": "Samsung Galaxy Book Pro",
    "action_flag": 1,
    "change_message": "[{\"added\": {}}]"
  }
},
{
  "model": "admin.logentry",
  "pk": 126,
  "fields": {
    "action_time": "2025-11-26T09:19:43.876Z",
    "user": 5,
    "content_type": 9,
    "object_id": "42",
    "object_repr": "Samsung Galaxy Book",
    "action_flag": 1,
    "change_message": "[{\"added\": {}}]"
  }
},
{
  "model": "admin.logentry",
  "pk": 127,
  "fields": {
    "action_time": "2025-11-29T12:48:57.169Z",
    "user": 5,
    "content_type": 9,
    "object_id": "43",
    "object_repr": "iPhone 16",
    "action_flag": 1,
    "change_message": "[{\"added\": {}}]"
  }
},
{
  "model": "admin.logentry",
  "pk": 128,
  "fields": {
    "action_time": "2025-11-29T12:52:34.447Z",
    "user": 5,
    "content_type": 9,
    "object_id": "44",
    "object_repr": "iphone 15 pro",
    "action_flag": 1,
    "change_message": "[{\"added\": {}}]"
  }
},
{
  "model": "admin.logentry",
  "pk": 129,
  "fields": {
    "action_time": "2025-11-29T12:53:42.984Z",
    "user": 5,
    "content_type": 9,
    "object_id": "40",
    "object_repr": "Samsung Galaxy Book Odyssey",
    "action_flag": 3,
    "change_message": ""
  }
},
{
  "model": "admin.logentry",
  "pk": 130,
  "fields": {
    "action_time": "2025-11-29T12:53:42.984Z",
    "user": 5,
    "content_type": 9,
    "object_id": "39",
    "object_repr": "Acer Spin",
    "action_flag": 3,
    "change_message": ""
  }
},
{
  "model": "admin.logentry",
  "pk": 131,
  "fields": {
    "action_time": "2025-11-29T12:53:42.984Z",
    "user": 5,
    "content_type": 9,
    "object_id": "37",
    "object_repr": "Acer Predator",
    "action_flag": 3,
    "change_message": ""
  }
},
{
  "model": "admin.logentry",
  "pk": 132,
  "fields": {
    "action_time": "2025-11-29T12:53:42.984Z",
    "user": 5,
    "content_type": 9,
    "object_id": "35",
    "object_repr": "Acer Aspire",
    "action_flag": 3,
    "change_message": ""
  }
},
{
  "model": "admin.logentry",
  "pk": 133,
  "fields": {
    "action_time": "2025-11-29T12:53:42.984Z",
    "user": 5,
    "content_type": 9,
    "object_id": "33",
    "object_repr": "Lenovo Legion",
    "action_flag": 3,
    "change_message": ""
  }
},
{
  "model": "admin.logentry",
  "pk": 134,
  "fields": {
    "action_time": "2025-11-29T12:53:42.984Z",
    "user": 5,
    "content_type": 9,
    "object_id": "32",
    "object_repr": "Lenovo ThinkPad",
    "action_flag": 3,
    "change_message": ""
  }
},
{
  "model": "admin.logentry",
  "pk": 135,
  "fields": {
    "action_time": "2025-11-29T12:53:42.984Z",
    "user": 5,
    "content_type": 9,
    "object_id": "29",
    "object_repr": "HP Spectre",
    "action_flag": 3,
    "change_message": ""
  }
},
{
  "model": "admin.logentry",
  "pk": 136,
  "fields": {
    "action_time": "2025-11-29T12:53:42.984Z",
    "user": 5,
    "content_type": 9,
    "object_id": "28",
    "object_repr": "HP Envy",
    "action_flag": 3,
    "change_message": ""
  }
},
{
  "model": "admin.logentry",
  "pk": 137,
  "fields": {
    "action_time": "2025-11-29T12:53:42.984Z",
    "user": 5,
    "content_type": 9,
    "object_id": "26",
    "object_repr": "HP Victus",
    "action_flag": 3,
    "change_message": ""
  }
},
{
  "model": "admin.logentry",
  "pk": 138,
  "fields": {
    "action_time": "2025-11-29T12:53:42.984Z",
    "user": 5,
    "content_type": 9,
    "object_id": "24",
    "object_repr": "Dell Alienware",
    "action_flag": 3,
    "change_message": ""
  }
},
{
  "model": "admin.logentry",
  "pk": 139,
  "fields": {
    "action_time": "2025-11-29T12:53:42.984Z",
    "user": 5,
    "content_type": 9,
    "object_id": "21",
    "object_repr": "Dell Vostro",
    "action_flag": 3,
    "change_message": ""
  }
},
{
  "model": "admin.logentry",
  "pk": 140,
  "fields": {
    "action_time": "2025-11-29T13:01:23.750Z",
    "user": 5,
    "content_type": 9,
    "object_id": "45",
    "object_repr": "Samsung Galaxy S24",
    "action_flag": 1,
    "change_message": "[{\"added\": {}}]"
  }
},
{
  "model": "admin.logentry",
  "pk": 141,
  "fields": {
    "action_time": "2025-11-29T13:02:46.013Z",
    "user": 5,
    "content_type": 9,
    "object_id": "45",
    "object_repr": "Samsung Galaxy S24",
    "action_flag": 2,
    "change_message": "[{\"changed\": {\"fields\": [\"Image\"]}}]"
  }
},
{
  "model": "admin.logentry",
  "pk": 142,
  "fields": {
    "action_time": "2025-12-01T13:16:06.543Z",
    "user": 5,
    "content_type": 9,
    "object_id": "46",
    "object_repr": "OnePlus 12",
    "action_flag": 1,
    "change_message": "[{\"added\": {}}]"
  }
},
{
  "model": "admin.logentry",
  "pk": 143,
  "fields": {
    "action_time": "2025-12-01T13:17:25.916Z",
    "user": 5,
    "content_type": 9,
    "object_id": "47",
    "object_repr": "Realme 12 Pro",
    "action_flag": 1,
    "change_message": "[{\"added\": {}}]"
  }
},
{
  "model": "admin.logentry",
  "pk": 144,
  "fields": {
    "action_time": "2025-12-01T13:18:48.372Z",
    "user": 5,
    "content_type": 9,
    "object_id": "48",
    "object_repr": "Vivo V30",
    "action_flag": 1,
    "change_message": "[{\"added\": {}}]"
  }
},
{
  "model": "admin.logentry",
  "pk": 145,
  "fields": {
    "action_time": "2025-12-01T13:20:13.170Z",
    "user": 5,
    "content_type": 9,
    "object_id": "49",
    "object_repr": "Vivo Y200",
    "action_flag": 1,
    "change_message": "[{\"added\": {}}]"
  }
},
{
  "model": "admin.logentry",
  "pk": 146,
  "fields": {
    "action_time": "2025-12-01T13:20:26.438Z",
    "user": 5,
    "content_type": 9,
    "object_id": "49",
    "object_repr": "Vivo Y200",
    "action_flag": 2,
    "change_message": "[{\"changed\": {\"fields\": [\"Image\"]}}]"
  }
},
{
  "model": "admin.logentry",
  "pk": 147,
  "fields": {
    "action_time": "2025-12-01T13:22:19.569Z",
    "user": 5,
    "content_type": 9,
    "object_id": "50",
    "object_repr": "Oppo Reno 11",
    "action_flag": 1,
    "change_message": "[{\"added\": {}}]"
  }
},
{
  "model": "admin.logentry",
  "pk": 148,
  "fields": {
    "action_time": "2025-12-01T13:24:04.646Z",
    "user": 5,
    "content_type": 9,
    "object_id": "51",
    "object_repr": "Oppo F25 Pro",
    "action_flag": 1,
    "change_message": "[{\"added\": {}}]"
  }
},
{
  "model": "admin.logentry",
  "pk": 149,
  "fields": {
    "action_time": "2025-12-01T13:24:15.404Z",
    "user": 5,
    "content_type": 9,
    "object_id": "51",
    "object_repr": "Oppo F25 Pro",
    "action_flag": 2,
    "change_message": "[{\"changed\": {\"fields\": [\"Image\"]}}]"
  }
},
{
  "model": "admin.logentry",
  "pk": 150,
  "fields": {
    "action_time": "2025-12-01T13:26:15.312Z",
    "user": 5,
    "content_type": 9,
    "object_id": "52",
    "object_repr": "Xiaomi Redmi Note 13",
    "action_flag": 1,
    "change_message": "[{\"added\": {}}]"
  }
},
{
  "model": "admin.logentry",
  "pk": 151,
  "fields": {
    "action_time": "2025-12-01T13:26:27.778Z",
    "user": 5,
    "content_type": 9,
    "object_id": "52",
    "object_repr": "Xiaomi Redmi Note 13",
    "action_flag": 2,
    "change_message": "[{\"changed\": {\"fields\": [\"Image\"]}}]"
  }
},
{
  "model": "admin.logentry",
  "pk": 152,
  "fields": {
    "action_time": "2025-12-01T13:32:07.273Z",
    "user": 5,
    "content_type": 9,
    "object_id": "53",
    "object_repr": "iPad Pro M4",
    "action_flag": 1,
    "change_message": "[{\"added\": {}}]"
  }
},
{
  "model": "admin.logentry",
  "pk": 153,
  "fields": {
    "action_time": "2025-12-01T13:33:27.675Z",
    "user": 5,
    "content_type": 9,
    "object_id": "54",
    "object_repr": "iPad 10th Gen",
    "action_flag": 1,
    "change_message": "[{\"added\": {}}]"
  }
},
{
  "model": "admin.logentry",
  "pk": 154,
  "fields": {
    "action_time": "2025-12-01T13:54:21.853Z",
    "user": 5,
    "content_type": 9,
    "object_id": "55",
    "object_repr": "Canon EOS R6",
    "action_flag": 1,
    "change_message": "[{\"added\": {}}]"
  }
},
{
  "model": "admin.logentry",
  "pk": 155,
  "fields": {
    "action_time": "2025-12-01T13:55:36.891Z",
    "user": 5,
    "content_type": 9,
    "object_id": "56",
    "object_repr": "Sony Alpha A7 IV",
    "action_flag": 1,
    "change_message": "[{\"added\": {}}]"
  }
},
{
  "model": "admin.logentry",
  "pk": 156,
  "fields": {
    "action_time": "2025-12-01T13:56:55.198Z",
    "user": 5,
    "content_type": 9,
    "object_id": "57",
    "object_repr": "Nikon Z6 II",
    "action_flag": 1,
    "change_message": "[{\"added\": {}}]"
  }
},
{
  "model": "admin.logentry",
  "pk": 157,
  "fields": {
    "action_time": "2025-12-01T13:59:52.585Z",
    "user": 5,
    "content_type": 9,
    "object_id": "58",
    "object_repr": "Fujifilm X-T5",
    "action_flag": 1,
    "change_message": "[{\"added\": {}}]"
  }
},
{
  "model": "admin.logentry",
  "pk": 158,
  "fields": {
    "action_time": "2025-12-01T14:02:24.040Z",
    "user": 5,
    "content_type": 9,
    "object_id": "59",
    "object_repr": "GoPro Hero 12 Black",
    "action_flag": 1,
    "change_message": "[{\"added\": {}}]"
  }
},
{
  "model": "admin.logentry",
  "pk": 159,
  "fields": {
    "action_time": "2025-12-01T14:07:16.003Z",
    "user": 5,
    "content_type": 9,
    "object_id": "60",
    "object_repr": "DJI Osmo Pocket 3",
    "action_flag": 1,
    "change_message": "[{\"added\": {}}]"
  }
},
{
  "model": "admin.logentry",
  "pk": 160,
  "fields": {
    "action_time": "2025-12-01T14:09:55.153Z",
    "user": 5,
    "content_type": 9,
    "object_id": "61",
    "object_repr": "Insta360 X3",
    "action_flag": 1,
    "change_message": "[{\"added\": {}}]"
  }
},
{
  "model": "admin.logentry",
  "pk": 161,
  "fields": {
    "action_time": "2025-12-01T14:10:06.147Z",
    "user": 5,
    "content_type": 9,
    "object_id": "61",
    "object_repr": "Insta360 X3",
    "action_flag": 2,
    "change_message": "[{\"changed\": {\"fields\": [\"Image\"]}}]"
  }
},
{
  "model": "admin.logentry",
  "pk": 162,
  "fields": {
    "action_time": "2025-12-01T14:12:26.600Z",
    "user": 5,
    "content_type": 9,
    "object_id": "62",
    "object_repr": "Manfrotto Tripod",
    "action_flag": 1,
    "change_message": "[{\"added\": {}}]"
  }
},
{
  "model": "admin.logentry",
  "pk": 163,
  "fields": {
    "action_time": "2025-12-01T14:26:15.475Z",
    "user": 5,
    "content_type": 9,
    "object_id": "63",
    "object_repr": "Sony WH-1000XM5 (Noise-Cancelling Headphones)",
    "action_flag": 1,
    "change_message": "[{\"added\": {}}]"
  }
},
{
  "model": "admin.logentry",
  "pk": 164,
  "fields": {
    "action_time": "2025-12-01T14:28:21.011Z",
    "user": 5,
    "content_type": 9,
    "object_id": "64",
    "object_repr": "Bose QuietComfort 45",
    "action_flag": 1,
    "change_message": "[{\"added\": {}}]"
  }
},
{
  "model": "admin.logentry",
  "pk": 165,
  "fields": {
    "action_time": "2025-12-01T14:30:21.093Z",
    "user": 5,
    "content_type": 9,
    "object_id": "65",
    "object_repr": "Apple AirPods Pro 2",
    "action_flag": 1,
    "change_message": "[{\"added\": {}}]"
  }
},
{
  "model": "admin.logentry",
  "pk": 166,
  "fields": {
    "action_time": "2025-12-01T14:30:48.278Z",
    "user": 5,
    "content_type": 9,
    "object_id": "65",
    "object_repr": "Apple AirPods Pro 2",
    "action_flag": 2,
    "change_message": "[{\"changed\": {\"fields\": [\"Image\"]}}]"
  }
},
{
  "model": "admin.logentry",
  "pk": 167,
  "fields": {
    "action_time": "2025-12-01T14:30:59.165Z",
    "user": 5,
    "content_type": 9,
    "object_id": "64",
    "object_repr": "Bose QuietComfort 45",
    "action_flag": 2,
    "change_message": "[{\"changed\": {\"fields\": [\"Category\"]}}]"
  }
},
{
  "model": "admin.logentry",
  "pk": 168,
  "fields": {
    "action_time": "2025-12-01T14:31:23.007Z",
    "user": 5,
    "content_type": 9,
    "object_id": "63",
    "object_repr": "Sony WH-1000XM5 (Noise-Cancelling Headphones)",
    "action_flag": 2,
    "change_message": "[{\"changed\": {\"fields\": [\"Category\"]}}]"
  }
},
{
  "model": "admin.logentry",
  "pk": 169,
  "fields": {
    "action_time": "2025-12-01T14:33:23.935Z",
    "user": 5,
    "content_type": 9,
    "object_id": "66",
    "object_repr": "JBL Tune 130NC TWS",
    "action_flag": 1,
    "change_message": "[{\"added\": {}}]"
  }
},
{
  "model": "admin.logentry",
  "pk": 170,
  "fields": {
    "action_time": "2025-12-01T14:35:14.260Z",
    "user": 5,
    "content_type": 9,
    "object_id": "67",
    "object_repr": "JBL Flip 6 (Portable Bluetooth Speaker)",
    "action_flag": 1,
    "change_message": "[{\"added\": {}}]"
  }
},
{
  "model": "admin.logentry",
  "pk": 171,
  "fields": {
    "action_time": "2025-12-01T14:36:38.371Z",
    "user": 5,
    "content_type": 9,
    "object_id": "68",
    "object_repr": "Sony SRS-XB43",
    "action_flag": 1,
    "change_message": "[{\"added\": {}}]"
  }
},
{
  "model": "admin.logentry",
  "pk": 172,
  "fields": {
    "action_time": "2025-12-01T14:39:25.974Z",
    "user": 5,
    "content_type": 9,
    "object_id": "69",
    "object_repr": "Blue Yeti USB Microphone",
    "action_flag": 1,
    "change_message": "[{\"added\": {}}]"
  }
},
{
  "model": "admin.logentry",
  "pk": 173,
  "fields": {
    "action_time": "2025-12-01T14:40:33.926Z",
    "user": 5,
    "content_type": 9,
    "object_id": "70",
    "object_repr": "Rode NT-USB",
    "action_flag": 1,
    "change_message": "[{\"added\": {}}]"
  }
},
{
  "model": "admin.logentry",
  "pk": 174,
  "fields": {
    "action_time": "2025-12-02T08:31:31.130Z",
    "user": 5,
    "content_type": 9,
    "object_id": "71",
    "object_repr": "Amazon Echo Dot (Smart Speaker with Alexa)",
    "action_flag": 1,
    "change_message": "[{\"added\": {}}]"
  }
},
{
  "model": "admin.logentry",
  "pk": 175,
  "fields": {
    "action_time": "2025-12-02T08:32:47.386Z",
    "user": 5,
    "content_type": 9,
    "object_id": "72",
    "object_repr": "Philips Hue Smart Bulbs",
    "action_flag": 1,
    "change_message": "[{\"added\": {}}]"
  }
},
{
  "model": "admin.logentry",
  "pk": 176,
  "fields": {
    "action_time": "2025-12-02T08:33:18.671Z",
    "user": 5,
    "content_type": 9,
    "object_id": "72",
    "object_repr": "Philips Hue Smart Bulbs",
    "action_flag": 2,
    "change_message": "[{\"changed\": {\"fields\": [\"Image\"]}}]"
  }
},
{
  "model": "admin.logentry",
  "pk": 177,
  "fields": {
    "action_time": "2025-12-02T08:34:33.733Z",
    "user": 5,
    "content_type": 9,
    "object_id": "73",
    "object_repr": "TP-Link Kasa Smart Plug",
    "action_flag": 1,
    "change_message": "[{\"added\": {}}]"
  }
},
{
  "model": "admin.logentry",
  "pk": 178,
  "fields": {
    "action_time": "2025-12-02T08:35:43.927Z",
    "user": 5,
    "content_type": 9,
    "object_id": "74",
    "object_repr": "Ring Video Doorbell 4",
    "action_flag": 1,
    "change_message": "[{\"added\": {}}]"
  }
},
{
  "model": "admin.logentry",
  "pk": 179,
  "fields": {
    "action_time": "2025-12-02T08:36:57.961Z",
    "user": 5,
    "content_type": 9,
    "object_id": "75",
    "object_repr": "Ecobee Smart Thermostat",
    "action_flag": 1,
    "change_message": "[{\"added\": {}}]"
  }
},
{
  "model": "admin.logentry",
  "pk": 180,
  "fields": {
    "action_time": "2025-12-02T08:38:20.680Z",
    "user": 5,
    "content_type": 9,
    "object_id": "76",
    "object_repr": "Arlo Pro 4 Security Camera",
    "action_flag": 1,
    "change_message": "[{\"added\": {}}]"
  }
},
{
  "model": "admin.logentry",
  "pk": 181,
  "fields": {
    "action_time": "2025-12-02T08:39:55.113Z",
    "user": 5,
    "content_type": 9,
    "object_id": "77",
    "object_repr": "iRobot Roomba i3+ (Smart Vacuum)",
    "action_flag": 1,
    "change_message": "[{\"added\": {}}]"
  }
},
{
  "model": "admin.logentry",
  "pk": 182,
  "fields": {
    "action_time": "2025-12-02T08:40:05.146Z",
    "user": 5,
    "content_type": 9,
    "object_id": "77",
    "object_repr": "iRobot Roomba i3+ (Smart Vacuum)",
    "action_flag": 2,
    "change_message": "[{\"changed\": {\"fields\": [\"Image\"]}}]"
  }
},
{
  "model": "admin.logentry",
  "pk": 183,
  "fields": {
    "action_time": "2025-12-02T08:41:16.759Z",
    "user": 5,
    "content_type": 9,
    "object_id": "78",
    "object_repr": "Nanoleaf Shapes (Smart LED Panels)",
    "action_flag": 1,
    "change_message": "[{\"added\": {}}]"
  }
},
{
  "model": "admin.logentry",
  "pk": 184,
  "fields": {
    "action_time": "2025-12-02T08:51:20.102Z",
    "user": 5,
    "content_type": 9,
    "object_id": "79",
    "object_repr": "Sony PlayStation 5",
    "action_flag": 1,
    "change_message": "[{\"added\": {}}]"
  }
},
{
  "model": "admin.logentry",
  "pk": 185,
  "fields": {
    "action_time": "2025-12-02T08:54:36.980Z",
    "user": 5,
    "content_type": 9,
    "object_id": "80",
    "object_repr": "Xbox Series X",
    "action_flag": 1,
    "change_message": "[{\"added\": {}}]"
  }
},
{
  "model": "admin.logentry",
  "pk": 186,
  "fields": {
    "action_time": "2025-12-02T08:55:45.274Z",
    "user": 5,
    "content_type": 9,
    "object_id": "81",
    "object_repr": "Nintendo Switch OLED",
    "action_flag": 1,
    "change_message": "[{\"added\": {}}]"
  }
},
{
  "model": "admin.logentry",
  "pk": 187,
  "fields": {
    "action_time": "2025-12-02T08:56:48.009Z",
    "user": 5,
    "content_type": 9,
    "object_id": "82",
    "object_repr": "Asus ROG Ally (Handheld gaming)",
    "action_flag": 1,
    "change_message": "[{\"added\": {}}]"
  }
},
{
  "model": "admin.logentry",
  "pk": 188,
  "fields": {
    "action_time": "2025-12-02T08:58:26.642Z",
    "user": 5,
    "content_type": 9,
    "object_id": "83",
    "object_repr": "Steam Deck",
    "action_flag": 1,
    "change_message": "[{\"added\": {}}]"
  }
},
{
  "model": "admin.logentry",
  "pk": 189,
  "fields": {
    "action_time": "2025-12-02T09:00:02.658Z",
    "user": 5,
    "content_type": 9,
    "object_id": "84",
    "object_repr": "Razer Viper Ultimate (Gaming mouse)",
    "action_flag": 1,
    "change_message": "[{\"added\": {}}]"
  }
},
{
  "model": "admin.logentry",
  "pk": 190,
  "fields": {
    "action_time": "2025-12-02T09:00:55.018Z",
    "user": 5,
    "content_type": 9,
    "object_id": "85",
    "object_repr": "Logitech G Pro X (Gaming headset)",
    "action_flag": 1,
    "change_message": "[{\"added\": {}}]"
  }
},
{
  "model": "admin.logentry",
  "pk": 191,
  "fields": {
    "action_time": "2025-12-02T09:02:12.735Z",
    "user": 5,
    "content_type": 9,
    "object_id": "86",
    "object_repr": "BenQ Zowie XL2546K (Gaming monitor)",
    "action_flag": 1,
    "change_message": "[{\"added\": {}}]"
  }
},
{
  "model": "admin.logentry",
  "pk": 192,
  "fields": {
    "action_time": "2025-12-02T09:04:57.100Z",
    "user": 5,
    "content_type": 9,
    "object_id": "87",
    "object_repr": "Samsung Galaxy Watch Ultra Smartwatch 2025",
    "action_flag": 1,
    "change_message": "[{\"added\": {}}]"
  }
},
{
  "model": "admin.logentry",
  "pk": 193,
  "fields": {
    "action_time": "2025-12-02T09:08:35.671Z",
    "user": 5,
    "content_type": 9,
    "object_id": "88",
    "object_repr": "Samsung Galaxy Fit3 Smart Band",
    "action_flag": 1,
    "change_message": "[{\"added\": {}}]"
  }
},
{
  "model": "admin.logentry",
  "pk": 194,
  "fields": {
    "action_time": "2025-12-02T09:11:48.045Z",
    "user": 5,
    "content_type": 9,
    "object_id": "89",
    "object_repr": "Ultrahuman AIR Smart Ring",
    "action_flag": 1,
    "change_message": "[{\"added\": {}}]"
  }
},
{
  "model": "admin.logentry",
  "pk": 195,
  "fields": {
    "action_time": "2025-12-02T09:13:34.063Z",
    "user": 5,
    "content_type": 9,
    "object_id": "90",
    "object_repr": "WHOOP 4.0 Health & Fitness Tracker",
    "action_flag": 1,
    "change_message": "[{\"added\": {}}]"
  }
},
{
  "model": "admin.logentry",
  "pk": 196,
  "fields": {
    "action_time": "2025-12-02T09:17:26.369Z",
    "user": 5,
    "content_type": 9,
    "object_id": "91",
    "object_repr": "WatchOut WearPods Smartwatch",
    "action_flag": 1,
    "change_message": "[{\"added\": {}}]"
  }
},
{
  "model": "admin.logentry",
  "pk": 197,
  "fields": {
    "action_time": "2025-12-02T09:20:35.833Z",
    "user": 5,
    "content_type": 9,
    "object_id": "92",
    "object_repr": "boAt Enigma Ascend Smartwatch",
    "action_flag": 1,
    "change_message": "[{\"added\": {}}]"
  }
},
{
  "model": "admin.logentry",
  "pk": 198,
  "fields": {
    "action_time": "2025-12-02T09:22:28.252Z",
    "user": 5,
    "content_type": 9,
    "object_id": "93",
    "object_repr": "Fire-Lens Dune Smart Glasses",
    "action_flag": 1,
    "change_message": "[{\"added\": {}}]"
  }
},
{
  "model": "admin.logentry",
  "pk": 199,
  "fields": {
    "action_time": "2025-12-02T09:24:20.156Z",
    "user": 5,
    "content_type": 9,
    "object_id": "94",
    "object_repr": "pTron Orbis Neo Smart Glasses",
    "action_flag": 1,
    "change_message": "[{\"added\": {}}]"
  }
},
{
  "model": "auth.permission",
  "pk": 1,
  "fields": {
    "name": "Can add log entry",
    "content_type": 1,
    "codename": "add_logentry"
  }
},
{
  "model": "auth.permission",
  "pk": 2,
  "fields": {
    "name": "Can change log entry",
    "content_type": 1,
    "codename": "change_logentry"
  }
},
{
  "model": "auth.permission",
  "pk": 3,
  "fields": {
    "name": "Can delete log entry",
    "content_type": 1,
    "codename": "delete_logentry"
  }
},
{
  "model": "auth.permission",
  "pk": 4,
  "fields": {
    "name": "Can view log entry",
    "content_type": 1,
    "codename": "view_logentry"
  }
},
{
  "model": "auth.permission",
  "pk": 5,
  "fields": {
    "name": "Can add permission",
    "content_type": 2,
    "codename": "add_permission"
  }
},
{
  "model": "auth.permission",
  "pk": 6,
  "fields": {
    "name": "Can change permission",
    "content_type": 2,
    "codename": "change_permission"
  }
},
{
  "model": "auth.permission",
  "pk": 7,
  "fields": {
    "name": "Can delete permission",
    "content_type": 2,
    "codename": "delete_permission"
  }
},
{
  "model": "auth.permission",
  "pk": 8,
  "fields": {
    "name": "Can view permission",
    "content_type": 2,
    "codename": "view_permission"
  }
},
{
  "model": "auth.permission",
  "pk": 9,
  "fields": {
    "name": "Can add group",
    "content_type": 3,
    "codename": "add_group"
  }
},
{
  "model": "auth.permission",
  "pk": 10,
  "fields": {
    "name": "Can change group",
    "content_type": 3,
    "codename": "change_group"
  }
},
{
  "model": "auth.permission",
  "pk": 11,
  "fields": {
    "name": "Can delete group",
    "content_type": 3,
    "codename": "delete_group"
  }
},
{
  "model": "auth.permission",
  "pk": 12,
  "fields": {
    "name": "Can view group",
    "content_type": 3,
    "codename": "view_group"
  }
},
{
  "model": "auth.permission",
  "pk": 13,
  "fields": {
    "name": "Can add user",
    "content_type": 4,
    "codename": "add_user"
  }
},
{
  "model": "auth.permission",
  "pk": 14,
  "fields": {
    "name": "Can change user",
    "content_type": 4,
    "codename": "change_user"
  }
},
{
  "model": "auth.permission",
  "pk": 15,
  "fields": {
    "name": "Can delete user",
    "content_type": 4,
    "codename": "delete_user"
  }
},
{
  "model": "auth.permission",
  "pk": 16,
  "fields": {
    "name": "Can view user",
    "content_type": 4,
    "codename": "view_user"
  }
},
{
  "model": "auth.permission",
  "pk": 17,
  "fields": {
    "name": "Can add content type",
    "content_type": 5,
    "codename": "add_contenttype"
  }
},
{
  "model": "auth.permission",
  "pk": 18,
  "fields": {
    "name": "Can change content type",
    "content_type": 5,
    "codename": "change_contenttype"
  }
},
{
  "model": "auth.permission",
  "pk": 19,
  "fields": {
    "name": "Can delete content type",
    "content_type": 5,
    "codename": "delete_contenttype"
  }
},
{
  "model": "auth.permission",
  "pk": 20,
  "fields": {
    "name": "Can view content type",
    "content_type": 5,
    "codename": "view_contenttype"
  }
},
{
  "model": "auth.permission",
  "pk": 21,
  "fields": {
    "name": "Can add session",
    "content_type": 6,
    "codename": "add_session"
  }
},
{
  "model": "auth.permission",
  "pk": 22,
  "fields": {
    "name": "Can change session",
    "content_type": 6,
    "codename": "change_session"
  }
},
{
  "model": "auth.permission",
  "pk": 23,
  "fields": {
    "name": "Can delete session",
    "content_type": 6,
    "codename": "delete_session"
  }
},
{
  "model": "auth.permission",
  "pk": 24,
  "fields": {
    "name": "Can view session",
    "content_type": 6,
    "codename": "view_session"
  }
},
{
  "model": "auth.permission",
  "pk": 25,
  "fields": {
    "name": "Can add deal",
    "content_type": 7,
    "codename": "add_deal"
  }
},
{
  "model": "auth.permission",
  "pk": 26,
  "fields": {
    "name": "Can change deal",
    "content_type": 7,
    "codename": "change_deal"
  }
},
{
  "model": "auth.permission",
  "pk": 27,
  "fields": {
    "name": "Can delete deal",
    "content_type": 7,
    "codename": "delete_deal"
  }
},
{
  "model": "auth.permission",
  "pk": 28,
  "fields": {
    "name": "Can view deal",
    "content_type": 7,
    "codename": "view_deal"
  }
},
{
  "model": "auth.permission",
  "pk": 29,
  "fields": {
    "name": "Can add category",
    "content_type": 8,
    "codename": "add_category"
  }
},
{
  "model": "auth.permission",
  "pk": 30,
  "fields": {
    "name": "Can change category",
    "content_type": 8,
    "codename": "change_category"
  }
},
{
  "model": "auth.permission",
  "pk": 31,
  "fields": {
    "name": "Can delete category",
    "content_type": 8,
    "codename": "delete_category"
  }
},
{
  "model": "auth.permission",
  "pk": 32,
  "fields": {
    "name": "Can view category",
    "content_type": 8,
    "codename": "view_category"
  }
},
{
  "model": "auth.permission",
  "pk": 33,
  "fields": {
    "name": "Can add product",
    "content_type": 9,
    "codename": "add_product"
  }
},
{
  "model": "auth.permission",
  "pk": 34,
  "fields": {
    "name": "Can change product",
    "content_type": 9,
    "codename": "change_product"
  }
},
{
  "model": "auth.permission",
  "pk": 35,
  "fields": {
    "name": "Can delete product",
    "content_type": 9,
    "codename": "delete_product"
  }
},
{
  "model": "auth.permission",
  "pk": 36,
  "fields": {
    "name": "Can view product",
    "content_type": 9,
    "codename": "view_product"
  }
},
{
  "model": "auth.permission",
  "pk": 37,
  "fields": {
    "name": "Can add review",
    "content_type": 10,
    "codename": "add_review"
  }
},
{
  "model": "auth.permission",
  "pk": 38,
  "fields": {
    "name": "Can change review",
    "content_type": 10,
    "codename": "change_review"
  }
},
{
  "model": "auth.permission",
  "pk": 39,
  "fields": {
    "name": "Can delete review",
    "content_type": 10,
    "codename": "delete_review"
  }
},
{
  "model": "auth.permission",
  "pk": 40,
  "fields": {
    "name": "Can view review",
    "content_type": 10,
    "codename": "view_review"
  }
},
{
  "model": "auth.permission",
  "pk": 41,
  "fields": {
    "name": "Can add cart item",
    "content_type": 11,
    "codename": "add_cartitem"
  }
},
{
  "model": "auth.permission",
  "pk": 42,
  "fields": {
    "name": "Can change cart item",
    "content_type": 11,
    "codename": "change_cartitem"
  }
},
{
  "model": "auth.permission",
  "pk": 43,
  "fields": {
    "name": "Can delete cart item",
    "content_type": 11,
    "codename": "delete_cartitem"
  }
},
{
  "model": "auth.permission",
  "pk": 44,
  "fields": {
    "name": "Can view cart item",
    "content_type": 11,
    "codename": "view_cartitem"
  }
},
{
  "model": "auth.permission",
  "pk": 45,
  "fields": {
    "name": "Can add cart",
    "content_type": 12,
    "codename": "add_cart"
  }
},
{
  "model": "auth.permission",
  "pk": 46,
  "fields": {
    "name": "Can change cart",
    "content_type": 12,
    "codename": "change_cart"
  }
},
{
  "model": "auth.permission",
  "pk": 47,
  "fields": {
    "name": "Can delete cart",
    "content_type": 12,
    "codename": "delete_cart"
  }
},
{
  "model": "auth.permission",
  "pk": 48,
  "fields": {
    "name": "Can view cart",
    "content_type": 12,
    "codename": "view_cart"
  }
},
{
  "model": "auth.permission",
  "pk": 49,
  "fields": {
    "name": "Can add cart item",
    "content_type": 13,
    "codename": "add_cartitem"
  }
},
{
  "model": "auth.permission",
  "pk": 50,
  "fields": {
    "name": "Can change cart item",
    "content_type": 13,
    "codename": "change_cartitem"
  }
},
{
  "model": "auth.permission",
  "pk": 51,
  "fields": {
    "name": "Can delete cart item",
    "content_type": 13,
    "codename": "delete_cartitem"
  }
},
{
  "model": "auth.permission",
  "pk": 52,
  "fields": {
    "name": "Can view cart item",
    "content_type": 13,
    "codename": "view_cartitem"
  }
},
{
  "model": "auth.permission",
  "pk": 53,
  "fields": {
    "name": "Can add cart",
    "content_type": 14,
    "codename": "add_cart"
  }
},
{
  "model": "auth.permission",
  "pk": 54,
  "fields": {
    "name": "Can change cart",
    "content_type": 14,
    "codename": "change_cart"
  }
},
{
  "model": "auth.permission",
  "pk": 55,
  "fields": {
    "name": "Can delete cart",
    "content_type": 14,
    "codename": "delete_cart"
  }
},
{
  "model": "auth.permission",
  "pk": 56,
  "fields": {
    "name": "Can view cart",
    "content_type": 14,
    "codename": "view_cart"
  }
},
{
  "model": "auth.permission",
  "pk": 57,
  "fields": {
    "name": "Can add deals",
    "content_type": 15,
    "codename": "add_deals"
  }
},
{
  "model": "auth.permission",
  "pk": 58,
  "fields": {
    "name": "Can change deals",
    "content_type": 15,
    "codename": "change_deals"
  }
},
{
  "model": "auth.permission",
  "pk": 59,
  "fields": {
    "name": "Can delete deals",
    "content_type": 15,
    "codename": "delete_deals"
  }
},
{
  "model": "auth.permission",
  "pk": 60,
  "fields": {
    "name": "Can view deals",
    "content_type": 15,
    "codename": "view_deals"
  }
},
{
  "model": "auth.permission",
  "pk": 61,
  "fields": {
    "name": "Can add order",
    "content_type": 16,
    "codename": "add_order"
  }
},
{
  "model": "auth.permission",
  "pk": 62,
  "fields": {
    "name": "Can change order",
    "content_type": 16,
    "codename": "change_order"
  }
},
{
  "model": "auth.permission",
  "pk": 63,
  "fields": {
    "name": "Can delete order",
    "content_type": 16,
    "codename": "delete_order"
  }
},
{
  "model": "auth.permission",
  "pk": 64,
  "fields": {
    "name": "Can view order",
    "content_type": 16,
    "codename": "view_order"
  }
},
{
  "model": "auth.permission",
  "pk": 65,
  "fields": {
    "name": "Can add order item",
    "content_type": 17,
    "codename": "add_orderitem"
  }
},
{
  "model": "auth.permission",
  "pk": 66,
  "fields": {
    "name": "Can change order item",
    "content_type": 17,
    "codename": "change_orderitem"
  }
},
{
  "model": "auth.permission",
  "pk": 67,
  "fields": {
    "name": "Can delete order item",
    "content_type": 17,
    "codename": "delete_orderitem"
  }
},
{
  "model": "auth.permission",
  "pk": 68,
  "fields": {
    "name": "Can view order item",
    "content_type": 17,
    "codename": "view_orderitem"
  }
},
{
  "model": "auth.permission",
  "pk": 69,
  "fields": {
    "name": "Can add wishlist",
    "content_type": 18,
    "codename": "add_wishlist"
  }
},
{
  "model": "auth.permission",
  "pk": 70,
  "fields": {
    "name": "Can change wishlist",
    "content_type": 18,
    "codename": "change_wishlist"
  }
},
{
  "model": "auth.permission",
  "pk": 71,
  "fields": {
    "name": "Can delete wishlist",
    "content_type": 18,
    "codename": "delete_wishlist"
  }
},
{
  "model": "auth.permission",
  "pk": 72,
  "fields": {
    "name": "Can view wishlist",
    "content_type": 18,
    "codename": "view_wishlist"
  }
},
{
  "model": "auth.permission",
  "pk": 73,
  "fields": {
    "name": "Can add carousel image",
    "content_type": 19,
    "codename": "add_carouselimage"
  }
},
{
  "model": "auth.permission",
  "pk": 74,
  "fields": {
    "name": "Can change carousel image",
    "content_type": 19,
    "codename": "change_carouselimage"
  }
},
{
  "model": "auth.permission",
  "pk": 75,
  "fields": {
    "name": "Can delete carousel image",
    "content_type": 19,
    "codename": "delete_carouselimage"
  }
},
{
  "model": "auth.permission",
  "pk": 76,
  "fields": {
    "name": "Can view carousel image",
    "content_type": 19,
    "codename": "view_carouselimage"
  }
},
{
  "model": "auth.permission",
  "pk": 77,
  "fields": {
    "name": "Can add product",
    "content_type": 20,
    "codename": "add_product"
  }
},
{
  "model": "auth.permission",
  "pk": 78,
  "fields": {
    "name": "Can change product",
    "content_type": 20,
    "codename": "change_product"
  }
},
{
  "model": "auth.permission",
  "pk": 79,
  "fields": {
    "name": "Can delete product",
    "content_type": 20,
    "codename": "delete_product"
  }
},
{
  "model": "auth.permission",
  "pk": 80,
  "fields": {
    "name": "Can view product",
    "content_type": 20,
    "codename": "view_product"
  }
},
{
  "model": "auth.permission",
  "pk": 81,
  "fields": {
    "name": "Can add category",
    "content_type": 21,
    "codename": "add_category"
  }
},
{
  "model": "auth.permission",
  "pk": 82,
  "fields": {
    "name": "Can change category",
    "content_type": 21,
    "codename": "change_category"
  }
},
{
  "model": "auth.permission",
  "pk": 83,
  "fields": {
    "name": "Can delete category",
    "content_type": 21,
    "codename": "delete_category"
  }
},
{
  "model": "auth.permission",
  "pk": 84,
  "fields": {
    "name": "Can view category",
    "content_type": 21,
    "codename": "view_category"
  }
},
{
  "model": "auth.permission",
  "pk": 85,
  "fields": {
    "name": "Can add customer",
    "content_type": 22,
    "codename": "add_customer"
  }
},
{
  "model": "auth.permission",
  "pk": 86,
  "fields": {
    "name": "Can change customer",
    "content_type": 22,
    "codename": "change_customer"
  }
},
{
  "model": "auth.permission",
  "pk": 87,
  "fields": {
    "name": "Can delete customer",
    "content_type": 22,
    "codename": "delete_customer"
  }
},
{
  "model": "auth.permission",
  "pk": 88,
  "fields": {
    "name": "Can view customer",
    "content_type": 22,
    "codename": "view_customer"
  }
},
{
  "model": "auth.permission",
  "pk": 89,
  "fields": {
    "name": "Can add cart item",
    "content_type": 23,
    "codename": "add_cartitem"
  }
},
{
  "model": "auth.permission",
  "pk": 90,
  "fields": {
    "name": "Can change cart item",
    "content_type": 23,
    "codename": "change_cartitem"
  }
},
{
  "model": "auth.permission",
  "pk": 91,
  "fields": {
    "name": "Can delete cart item",
    "content_type": 23,
    "codename": "delete_cartitem"
  }
},
{
  "model": "auth.permission",
  "pk": 92,
  "fields": {
    "name": "Can view cart item",
    "content_type": 23,
    "codename": "view_cartitem"
  }
},
{
  "model": "auth.permission",
  "pk": 93,
  "fields": {
    "name": "Can add category",
    "content_type": 24,
    "codename": "add_category"
  }
},
{
  "model": "auth.permission",
  "pk": 94,
  "fields": {
    "name": "Can change category",
    "content_type": 24,
    "codename": "change_category"
  }
},
{
  "model": "auth.permission",
  "pk": 95,
  "fields": {
    "name": "Can delete category",
    "content_type": 24,
    "codename": "delete_category"
  }
},
{
  "model": "auth.permission",
  "pk": 96,
  "fields": {
    "name": "Can view category",
    "content_type": 24,
    "codename": "view_category"
  }
},
{
  "model": "auth.permission",
  "pk": 97,
  "fields": {
    "name": "Can add product",
    "content_type": 25,
    "codename": "add_product"
  }
},
{
  "model": "auth.permission",
  "pk": 98,
  "fields": {
    "name": "Can change product",
    "content_type": 25,
    "codename": "change_product"
  }
},
{
  "model": "auth.permission",
  "pk": 99,
  "fields": {
    "name": "Can delete product",
    "content_type": 25,
    "codename": "delete_product"
  }
},
{
  "model": "auth.permission",
  "pk": 100,
  "fields": {
    "name": "Can view product",
    "content_type": 25,
    "codename": "view_product"
  }
},
{
  "model": "auth.permission",
  "pk": 101,
  "fields": {
    "name": "Can add review",
    "content_type": 26,
    "codename": "add_review"
  }
},
{
  "model": "auth.permission",
  "pk": 102,
  "fields": {
    "name": "Can change review",
    "content_type": 26,
    "codename": "change_review"
  }
},
{
  "model": "auth.permission",
  "pk": 103,
  "fields": {
    "name": "Can delete review",
    "content_type": 26,
    "codename": "delete_review"
  }
},
{
  "model": "auth.permission",
  "pk": 104,
  "fields": {
    "name": "Can view review",
    "content_type": 26,
    "codename": "view_review"
  }
},
{
  "model": "auth.permission",
  "pk": 105,
  "fields": {
    "name": "Can add order",
    "content_type": 27,
    "codename": "add_order"
  }
},
{
  "model": "auth.permission",
  "pk": 106,
  "fields": {
    "name": "Can change order",
    "content_type": 27,
    "codename": "change_order"
  }
},
{
  "model": "auth.permission",
  "pk": 107,
  "fields": {
    "name": "Can delete order",
    "content_type": 27,
    "codename": "delete_order"
  }
},
{
  "model": "auth.permission",
  "pk": 108,
  "fields": {
    "name": "Can view order",
    "content_type": 27,
    "codename": "view_order"
  }
},
{
  "model": "auth.permission",
  "pk": 109,
  "fields": {
    "name": "Can add payment",
    "content_type": 28,
    "codename": "add_payment"
  }
},
{
  "model": "auth.permission",
  "pk": 110,
  "fields": {
    "name": "Can change payment",
    "content_type": 28,
    "codename": "change_payment"
  }
},
{
  "model": "auth.permission",
  "pk": 111,
  "fields": {
    "name": "Can delete payment",
    "content_type": 28,
    "codename": "delete_payment"
  }
},
{
  "model": "auth.permission",
  "pk": 112,
  "fields": {
    "name": "Can view payment",
    "content_type": 28,
    "codename": "view_payment"
  }
},
{
  "model": "auth.permission",
  "pk": 113,
  "fields": {
    "name": "Can add wishlist",
    "content_type": 29,
    "codename": "add_wishlist"
  }
},
{
  "model": "auth.permission",
  "pk": 114,
  "fields": {
    "name": "Can change wishlist",
    "content_type": 29,
    "codename": "change_wishlist"
  }
},
{
  "model": "auth.permission",
  "pk": 115,
  "fields": {
    "name": "Can delete wishlist",
    "content_type": 29,
    "codename": "delete_wishlist"
  }
},
{
  "model": "auth.permission",
  "pk": 116,
  "fields": {
    "name": "Can view wishlist",
    "content_type": 29,
    "codename": "view_wishlist"
  }
},
{
  "model": "auth.permission",
  "pk": 117,
  "fields": {
    "name": "Can add rating",
    "content_type": 30,
    "codename": "add_rating"
  }
},
{
  "model": "auth.permission",
  "pk": 118,
  "fields": {
    "name": "Can change rating",
    "content_type": 30,
    "codename": "change_rating"
  }
},
{
  "model": "auth.permission",
  "pk": 119,
  "fields": {
    "name": "Can delete rating",
    "content_type": 30,
    "codename": "delete_rating"
  }
},
{
  "model": "auth.permission",
  "pk": 120,
  "fields": {
    "name": "Can view rating",
    "content_type": 30,
    "codename": "view_rating"
  }
},
{
  "model": "auth.user",
  "pk": 1,
  "fields": {
    "password": "pbkdf2_sha256$1000000$PGlObYNhWmoJ6adaCOJDDj$cyTWn1Cyw3tSbiPpY5wv5IHR4CZ82vzv1dUxamqln10=",
    "last_login": "2025-11-09T12:27:26.919Z",
    "is_superuser": false,
    "username": "priyadharshini",
    "first_name": "",
    "last_name": "",
    "email": "test@gmail.com",
    "is_staff": false,
    "is_active": true,
    "date_joined": "2025-11-08T15:51:11.768Z",
    "groups": [],
    "user_permissions": []
  }
},
{
  "model": "auth.user",
  "pk": 2,
  "fields": {
    "password": "pbkdf2_sha256$1000000$PkPm8i1iAPn61Ioqb1WWvS$u4AIqPQCR9noTxRQQp0drlbxz76MVypnBeqxJpBH7+0=",
    "last_login": "2025-11-09T13:40:42.379Z",
    "is_superuser": true,
    "username": "user",
    "first_name": "",
    "last_name": "",
    "email": "",
    "is_staff": true,
    "is_active": true,
    "date_joined": "2025-11-08T15:54:10.720Z",
    "groups": [],
    "user_permissions": []
  }
},
{
  "model": "auth.user",
  "pk": 3,
  "fields": {
    "password": "pbkdf2_sha256$1000000$O63Ld1MmklCNcYhjpCKV1N$rSd3nGoNmpABxjZLNOoRnqebUnpwFI99OIyeKYPYxm0=",
    "last_login": "2025-11-16T03:17:27.454Z",
    "is_superuser": true,
    "username": "admin123",
    "first_name": "",
    "last_name": "",
    "email": "",
    "is_staff": true,
    "is_active": true,
    "date_joined": "2025-11-16T03:16:44.319Z",
    "groups": [],
    "user_permissions": []
  }
},
{
  "model": "auth.user",
  "pk": 4,
  "fields": {
    "password": "pbkdf2_sha256$1000000$TRnnhvahVAclw2tgvZ5FYd$Sfh8NBA0mUl2v1VyVi5u+mg2S+NvU+tsmij5b/XkTZE=",
    "last_login": "2025-12-04T06:06:21.690Z",
    "is_superuser": false,
    "username": "user@1234",
    "first_name": "",
    "last_name": "",
    "email": "priya217@gmail.com",
    "is_staff": false,
    "is_active": true,
    "date_joined": "2025-11-20T05:38:47.750Z",
    "groups": [],
    "user_permissions": []
  }
},
{
  "model": "auth.user",
  "pk": 5,
  "fields": {
    "password": "pbkdf2_sha256$1000000$m5MZSO0EgCgrsNPb10caKI$r1BxZrdmTcuSZsaZ+Ba4nh2IARZe5WOXRbd+bOG25GA=",
    "last_login": "2025-11-24T14:40:35.928Z",
    "is_superuser": true,
    "username": "admin1",
    "first_name": "",
    "last_name": "",
    "email": "admin@gmail.com",
    "is_staff": true,
    "is_active": true,
    "date_joined": "2025-11-20T16:20:42.816Z",
    "groups": [],
    "user_permissions": []
  }
},
{
  "model": "auth.user",
  "pk": 6,
  "fields": {
    "password": "pbkdf2_sha256$1000000$fNR2ic7aowPfbTy3zyjvKo$TFA1kWLloNhRHoxM1x0c2by72lc1MYfeZi92o9ZWKfQ=",
    "last_login": null,
    "is_superuser": false,
    "username": "priyadharshinim2197",
    "first_name": "",
    "last_name": "",
    "email": "priya217@gmail.com",
    "is_staff": false,
    "is_active": true,
    "date_joined": "2025-12-06T14:40:46.052Z",
    "groups": [],
    "user_permissions": []
  }
},
{
  "model": "auth.user",
  "pk": 7,
  "fields": {
    "password": "pbkdf2_sha256$1000000$jboehtTX2CQKtz9aHDttRR$aXkw5F/82F9vuYXj7IkL1otk14MDyCMCxSRjwxdblfo=",
    "last_login": null,
    "is_superuser": false,
    "username": "priyadharshini2197",
    "first_name": "",
    "last_name": "",
    "email": "priya217@gmail.com",
    "is_staff": false,
    "is_active": true,
    "date_joined": "2025-12-06T14:50:38.328Z",
    "groups": [],
    "user_permissions": []
  }
},
{
  "model": "auth.user",
  "pk": 8,
  "fields": {
    "password": "pbkdf2_sha256$1000000$Ow8YIr6IIC6HnH7GyizfLL$23fEw+GPW2m25b5efYcbWaO0uto8xkcXEKRLduf/fVU=",
    "last_login": null,
    "is_superuser": false,
    "username": "priyadharshini219",
    "first_name": "",
    "last_name": "",
    "email": "priya217@gmail.com",
    "is_staff": false,
    "is_active": true,
    "date_joined": "2025-12-06T15:18:08.019Z",
    "groups": [],
    "user_permissions": []
  }
},
{
  "model": "auth.user",
  "pk": 9,
  "fields": {
    "password": "pbkdf2_sha256$1000000$ct4crlWHFMkdi6tu3K8GNp$K2fieCLv7NRgKVbm9U3SpLB9VCR9FnFp1eEoJEf6RBw=",
    "last_login": null,
    "is_superuser": false,
    "username": "priyadharshini21",
    "first_name": "",
    "last_name": "",
    "email": "priya217@gmail.com",
    "is_staff": false,
    "is_active": true,
    "date_joined": "2025-12-06T15:31:24.737Z",
    "groups": [],
    "user_permissions": []
  }
},
{
  "model": "auth.user",
  "pk": 10,
  "fields": {
    "password": "pbkdf2_sha256$1000000$UMyxdrUohwaLDXxDuKL3X4$2mB7zsqxn1a+CtVpy1QAfNsOqdOWg+Z9qa7EzZR4YBE=",
    "last_login": "2025-12-06T15:42:59.200Z",
    "is_superuser": false,
    "username": "priyadharshini2",
    "first_name": "",
    "last_name": "",
    "email": "priya217@gmail.com",
    "is_staff": false,
    "is_active": true,
    "date_joined": "2025-12-06T15:36:36.961Z",
    "groups": [],
    "user_permissions": []
  }
},
{
  "model": "auth.user",
  "pk": 11,
  "fields": {
    "password": "pbkdf2_sha256$1000000$T0SwPua2LfkmxebpCQ4PC5$jfONTrpCs+X/iccCMpFk/j5ouOQcMNYddjWMoN+kYXk=",
    "last_login": "2025-12-06T15:46:18.020Z",
    "is_superuser": false,
    "username": "user@123456",
    "first_name": "",
    "last_name": "",
    "email": "priya217@gmail.com",
    "is_staff": false,
    "is_active": true,
    "date_joined": "2025-12-06T15:45:49.223Z",
    "groups": [],
    "user_permissions": []
  }
},
{
  "model": "auth.user",
  "pk": 12,
  "fields": {
    "password": "pbkdf2_sha256$1000000$pIK3iHLFVFbjRjRgUcMv3B$jUyZwU79PRLAXNmp0EBXPNrqPf7ZURPxLpAiCmPHZDw=",
    "last_login": null,
    "is_superuser": false,
    "username": "priya@12345",
    "first_name": "",
    "last_name": "",
    "email": "priya217@gmail.com",
    "is_staff": false,
    "is_active": true,
    "date_joined": "2026-04-18T04:27:26.710Z",
    "groups": [],
    "user_permissions": []
  }
},
{
  "model": "auth.user",
  "pk": 13,
  "fields": {
    "password": "pbkdf2_sha256$1000000$PjksauEn2IoXNufvipjfMm$0xMc0m2k/rE3ncTAJZC12w0W6mWkGduDFkvGTYv9Kck=",
    "last_login": null,
    "is_superuser": false,
    "username": "Priyadharshinim@123",
    "first_name": "",
    "last_name": "",
    "email": "priya2197@gmail.com",
    "is_staff": false,
    "is_active": true,
    "date_joined": "2026-04-18T04:44:39.990Z",
    "groups": [],
    "user_permissions": []
  }
},
{
  "model": "auth.user",
  "pk": 14,
  "fields": {
    "password": "pbkdf2_sha256$1000000$LNtsTb5WUst5gFm8hpHHFl$j68mb0j+VcTgQPJINsx6kS4BBAMSBnMYjNf39sVjkxQ=",
    "last_login": "2026-04-22T11:32:09.765Z",
    "is_superuser": false,
    "username": "priyadharshini@2197",
    "first_name": "",
    "last_name": "",
    "email": "Priya2197@gmail.com",
    "is_staff": false,
    "is_active": true,
    "date_joined": "2026-04-18T04:46:07.042Z",
    "groups": [],
    "user_permissions": []
  }
},
{
  "model": "auth.user",
  "pk": 15,
  "fields": {
    "password": "pbkdf2_sha256$1000000$4tH3GbXHdrqO3yN32hB1CO$g1W/Lp3QvJsBoqL8FShSH0KLQh1NSezQoqao3zb/qhg=",
    "last_login": null,
    "is_superuser": false,
    "username": "priyam@219",
    "first_name": "",
    "last_name": "",
    "email": "pri21@gmail.com",
    "is_staff": false,
    "is_active": true,
    "date_joined": "2026-04-22T11:32:03.092Z",
    "groups": [],
    "user_permissions": []
  }
},
{
  "model": "contenttypes.contenttype",
  "pk": 1,
  "fields": {
    "app_label": "admin",
    "model": "logentry"
  }
},
{
  "model": "contenttypes.contenttype",
  "pk": 2,
  "fields": {
    "app_label": "auth",
    "model": "permission"
  }
},
{
  "model": "contenttypes.contenttype",
  "pk": 3,
  "fields": {
    "app_label": "auth",
    "model": "group"
  }
},
{
  "model": "contenttypes.contenttype",
  "pk": 4,
  "fields": {
    "app_label": "auth",
    "model": "user"
  }
},
{
  "model": "contenttypes.contenttype",
  "pk": 5,
  "fields": {
    "app_label": "contenttypes",
    "model": "contenttype"
  }
},
{
  "model": "contenttypes.contenttype",
  "pk": 6,
  "fields": {
    "app_label": "sessions",
    "model": "session"
  }
},
{
  "model": "contenttypes.contenttype",
  "pk": 7,
  "fields": {
    "app_label": "deals",
    "model": "deal"
  }
},
{
  "model": "contenttypes.contenttype",
  "pk": 8,
  "fields": {
    "app_label": "products",
    "model": "category"
  }
},
{
  "model": "contenttypes.contenttype",
  "pk": 9,
  "fields": {
    "app_label": "products",
    "model": "product"
  }
},
{
  "model": "contenttypes.contenttype",
  "pk": 10,
  "fields": {
    "app_label": "products",
    "model": "review"
  }
},
{
  "model": "contenttypes.contenttype",
  "pk": 11,
  "fields": {
    "app_label": "products",
    "model": "cartitem"
  }
},
{
  "model": "contenttypes.contenttype",
  "pk": 12,
  "fields": {
    "app_label": "products",
    "model": "cart"
  }
},
{
  "model": "contenttypes.contenttype",
  "pk": 13,
  "fields": {
    "app_label": "cart",
    "model": "cartitem"
  }
},
{
  "model": "contenttypes.contenttype",
  "pk": 14,
  "fields": {
    "app_label": "cart",
    "model": "cart"
  }
},
{
  "model": "contenttypes.contenttype",
  "pk": 15,
  "fields": {
    "app_label": "deals",
    "model": "deals"
  }
},
{
  "model": "contenttypes.contenttype",
  "pk": 16,
  "fields": {
    "app_label": "orders",
    "model": "order"
  }
},
{
  "model": "contenttypes.contenttype",
  "pk": 17,
  "fields": {
    "app_label": "orders",
    "model": "orderitem"
  }
},
{
  "model": "contenttypes.contenttype",
  "pk": 18,
  "fields": {
    "app_label": "wishlist",
    "model": "wishlist"
  }
},
{
  "model": "contenttypes.contenttype",
  "pk": 19,
  "fields": {
    "app_label": "landing",
    "model": "carouselimage"
  }
},
{
  "model": "contenttypes.contenttype",
  "pk": 20,
  "fields": {
    "app_label": "landing",
    "model": "product"
  }
},
{
  "model": "contenttypes.contenttype",
  "pk": 21,
  "fields": {
    "app_label": "landing",
    "model": "category"
  }
},
{
  "model": "contenttypes.contenttype",
  "pk": 22,
  "fields": {
    "app_label": "ecart",
    "model": "customer"
  }
},
{
  "model": "contenttypes.contenttype",
  "pk": 23,
  "fields": {
    "app_label": "ecart",
    "model": "cartitem"
  }
},
{
  "model": "contenttypes.contenttype",
  "pk": 24,
  "fields": {
    "app_label": "ecart",
    "model": "category"
  }
},
{
  "model": "contenttypes.contenttype",
  "pk": 25,
  "fields": {
    "app_label": "ecart",
    "model": "product"
  }
},
{
  "model": "contenttypes.contenttype",
  "pk": 26,
  "fields": {
    "app_label": "ecart",
    "model": "review"
  }
},
{
  "model": "contenttypes.contenttype",
  "pk": 27,
  "fields": {
    "app_label": "ecart",
    "model": "order"
  }
},
{
  "model": "contenttypes.contenttype",
  "pk": 28,
  "fields": {
    "app_label": "payments",
    "model": "payment"
  }
},
{
  "model": "contenttypes.contenttype",
  "pk": 29,
  "fields": {
    "app_label": "products",
    "model": "wishlist"
  }
},
{
  "model": "contenttypes.contenttype",
  "pk": 30,
  "fields": {
    "app_label": "rating",
    "model": "rating"
  }
},
{
  "model": "sessions.session",
  "pk": "1bpuosypg7tezsi3zc08124khmw9sbjx",
  "fields": {
    "session_data": ".eJxVjEEOgjAQRe_StWlsO6XFpXvOQGY6M4IaSCisjHdXEha6_e-9_zI9buvQb1WWfmRzMWBOvxtheci0A77jdJttmad1Gcnuij1otd3M8rwe7t_BgHX41piD16yUA_ocKakDaTRxI4iqLROLMgA5yL71jl2KAppKhCYUDmfz_gALqTil:1vR2Tq:ei3FVenV644QLV9R3_sWWxTihLjUtHYtjLPhmwiEdfQ",
    "expire_date": "2025-12-18T06:06:18.744Z"
  }
},
{
  "model": "sessions.session",
  "pk": "5bs64le9zhru2jzl3lgkspyitnyp4f7y",
  "fields": {
    "session_data": ".eJxVjDsOwjAQBe_iGlmx119Kes4Q7Xo3JIBiKU4qxN0hUgpo38y8l-pxW8d-a7L0E6uzAnX63QjLQ-Yd8B3nW9Wlzusykd4VfdCmr5XleTncv4MR2_itg_edZWHKxCwWDbGYxJijozhIR4kd-AgJCibvIIVkRQYwGSX43Kn3BwZfOEM:1vKTGZ:-F8WCduOa1YQM8RKALhhJtijH3lnA8lpSMyZw16SaWY",
    "expire_date": "2025-11-30T03:17:27.499Z"
  }
},
{
  "model": "sessions.session",
  "pk": "8dsnk8hcsysanvddgy2ulfega9l1kevi",
  "fields": {
    "session_data": ".eJxVjDsOwjAQRO_iGln-rB2bkj5nsHbtNQ6gRMqnQtydREoBzRTz3sxbJNzWlraF5zQUcRUaxOW3JMxPHg9SHjjeJ5mncZ0HkociT7rIfir8up3u30HDpe1r5lixAChLjpyykD131WgKZEzsICBoZcjpjNlSYKoQvXIAe3jLID5fC183lw:1wFVoP:XvpGIqY9OjxLJ0H-8b9PGO1jzpH1AHGJX_pqNfHLor4",
    "expire_date": "2026-05-06T11:32:09.775Z"
  }
},
{
  "model": "sessions.session",
  "pk": "f6x4hb2asfvco10xmrpg8b2zo5nr5exw",
  "fields": {
    "session_data": ".eJxVjEEOgjAQRe_StWlsO6XFpXvOQGY6M4IaSCisjHdXEha6_e-9_zI9buvQb1WWfmRzMWBOvxtheci0A77jdJttmad1Gcnuij1otd3M8rwe7t_BgHX41piD16yUA_ocKakDaTRxI4iqLROLMgA5yL71jl2KAppKhCYUDmfz_gALqTil:1vLygV:7wHWSeUC9on6BCDedV96RVUyzjU9UpcpNXPWSzIHoVI",
    "expire_date": "2025-12-04T07:02:27.228Z"
  }
},
{
  "model": "sessions.session",
  "pk": "oj9f2fozno9x3xztt0vnup6ur431eidt",
  "fields": {
    "session_data": ".eJxVjEEOgjAQRe_StWlsO6XFpXvOQGY6M4IaSCisjHdXEha6_e-9_zI9buvQb1WWfmRzMWBOvxtheci0A77jdJttmad1Gcnuij1otd3M8rwe7t_BgHX41piD16yUA_ocKakDaTRxI4iqLROLMgA5yL71jl2KAppKhCYUDmfz_gALqTil:1vLyUJ:zLQGqKMNrwecGUn8AJmNy9bnGVbW-sOXptpdfOYiwe0",
    "expire_date": "2025-12-04T06:49:51.332Z"
  }
},
{
  "model": "sessions.session",
  "pk": "oss0o5gltr9profob1twxlbpc1s4x25m",
  "fields": {
    "session_data": ".eJxVjDsOwjAQRO_iGln-rB2bkj5nsHbtNQ6gRMqnQtydREoBzRTz3sxbJNzWlraF5zQUcRUaxOW3JMxPHg9SHjjeJ5mncZ0HkociT7rIfir8up3u30HDpe1r5lixAChLjpyykD131WgKZEzsICBoZcjpjNlSYKoQvXIAe3jLID5fC183lw:1wDxnL:F5h5l6KnHnfZPjg5qmxMecKRL11jcvT-sAU7LlqC0yM",
    "expire_date": "2026-05-02T05:00:39.748Z"
  }
},
{
  "model": "sessions.session",
  "pk": "wd6pa2rau3pmxh1qztzfdmk2gifnt0fi",
  "fields": {
    "session_data": ".eJxVjEEOgjAQRe_StWlsO6XFpXvOQGY6M4IaSCisjHdXEha6_e-9_zI9buvQb1WWfmRzMWBOvxtheci0A77jdJttmad1Gcnuij1otd3M8rwe7t_BgHX41piD16yUA_ocKakDaTRxI4iqLROLMgA5yL71jl2KAppKhCYUDmfz_gALqTil:1vLxNm:M26d_J6Jmb4bWc-t051voJ9EfbtNEOLNW6XAnajO7s8",
    "expire_date": "2025-12-04T05:39:02.993Z"
  }
},
{
  "model": "deals.deal",
  "pk": 5,
  "fields": {
    "title": "smart watch",
    "deal_type": "limited",
    "original_price": "10000.00",
    "discounted_price": "8000.00",
    "start_date": "2025-11-10",
    "end_date": "2025-11-12",
    "is_active": true,
    "created_at": "2025-11-10T10:54:39Z",
    "products": []
  }
},
{
  "model": "products.category",
  "pk": 1,
  "fields": {
    "name": "🖥️ Computing & Office Gadgets",
    "slug": "Computers"
  }
},
{
  "model": "products.category",
  "pk": 2,
  "fields": {
    "name": "📱 Mobile & Smart Devices",
    "slug": "mobiles"
  }
},
{
  "model": "products.category",
  "pk": 3,
  "fields": {
    "name": "📷 Cameras & Photography Gadgets",
    "slug": "Cameras"
  }
},
{
  "model": "products.category",
  "pk": 4,
  "fields": {
    "name": "🎧 Audio Gadgets",
    "slug": "audio"
  }
},
{
  "model": "products.category",
  "pk": 5,
  "fields": {
    "name": "🧠 Smart Home Gadgets",
    "slug": "smart-home"
  }
},
{
  "model": "products.category",
  "pk": 6,
  "fields": {
    "name": "🎮 Gaming Gadgets",
    "slug": "gaming"
  }
},
{
  "model": "products.category",
  "pk": 7,
  "fields": {
    "name": "🚀 Wearable Tech",
    "slug": "wearable-tech"
  }
},
{
  "model": "products.product",
  "pk": 20,
  "fields": {
    "name": "Dell Inspiron",
    "slug": "dell-inspiron",
    "brand": null,
    "category": 1,
    "image": "products/Dell_Inspiron.jpg",
    "description": "The Dell Inspiron series is designed for everyday performance with premium build quality and reliable Intel power.\r\n\r\n\r\n\r\n💻 Powerful Intel Processor — Choose from Intel Core i3 / i5 / i7 for fast and responsive performance\r\n\r\n🧠 High-Speed Memory — 8GB / 16GB DDR4 RAM ensures lag-free multitasking\r\n\r\n🚀 Fast Storage — 512GB / 1TB SSD for quick boot and application load\r\n\r\n🖥️ Full HD Display (1920 × 1080) — Vibrant color and eye-comfort viewing",
    "price": "89990.00",
    "discount_price": "54990.00",
    "stock": 12,
    "is_active": true,
    "created_at": "2025-11-23T14:45:36.396Z",
    "updated_at": "2025-11-23T14:45:36.396Z",
    "is_verified": false
  }
},
{
  "model": "products.product",
  "pk": 21,
  "fields": {
    "name": "Dell Vostro",
    "slug": "dell-vostro",
    "brand": "Dell Vostro 14″ Business Laptop",
    "category": 1,
    "image": "products/Dell_Vostro.jpg",
    "description": "Dell Vostro is a business-focused laptop line. \r\nDell Store\r\n+1\r\n\r\nThey are typically more affordable than premium Dell lines (like XPS) but still provide good performance, build quality, and features for SMB, students, and professionals.\r\n\r\nCommon configurations: 13th-gen / 12th-gen Intel Core, or AMD Ryzen; SSD storage; 14″ or 15.6″ screens.\r\n\r\nGood for: office work, study, light-to-medium workloads.",
    "price": "36689.00",
    "discount_price": "34599.00",
    "stock": 12,
    "is_active": true,
    "created_at": "2025-11-25T16:34:28.886Z",
    "updated_at": "2025-11-25T16:37:10.405Z",
    "is_verified": true
  }
},
{
  "model": "products.product",
  "pk": 22,
  "fields": {
    "name": "Dell XPS",
    "slug": "dell-xps",
    "brand": "Dell XPS 13 Plus 9320 (i7, 4K OLED)",
    "category": 1,
    "image": "products/Dell_XPS.jpg",
    "description": "Availability: Premium XPS models may not always be in stock; check “New / Renewed / Used” status.\r\n\r\nWarranty: Confirm whether it’s covered by Dell India warranty.\r\n\r\nDeals: Sometimes Amazon offers bank offers / no-cost EMI — check those during checkout.\r\n\r\nBrand Transition: Dell is phasing out the “XPS” name in favor of “Dell Premium” etc.",
    "price": "221423.00",
    "discount_price": "171290.00",
    "stock": 10,
    "is_active": true,
    "created_at": "2025-11-25T16:40:39.423Z",
    "updated_at": "2025-11-25T16:40:39.423Z",
    "is_verified": true
  }
},
{
  "model": "products.product",
  "pk": 23,
  "fields": {
    "name": "Dell Latitude",
    "slug": "dell-latitude",
    "brand": "Dell 16\" Pro 16 Plus / Latitude-class Laptop",
    "category": 1,
    "image": "products/Dell_Latitude.jpg",
    "description": "Availability: Premium XPS models may not always be in stock; check “New / Renewed / Used” status.\r\n\r\nWarranty: Confirm whether it’s covered by Dell India warranty.\r\n\r\nDeals: Sometimes Amazon offers bank offers / no-cost EMI — check those during checkout.\r\n\r\nBrand Transition: Dell is phasing out the “XPS” name in favor of “Dell Premium” etc.",
    "price": "55990.00",
    "discount_price": "50000.00",
    "stock": 13,
    "is_active": true,
    "created_at": "2025-11-26T07:53:16.937Z",
    "updated_at": "2025-11-26T07:53:38.142Z",
    "is_verified": true
  }
},
{
  "model": "products.product",
  "pk": 24,
  "fields": {
    "name": "Dell Alienware",
    "slug": "dell-alienware",
    "brand": "Alienware 16 Area-51 Gaming Laptop",
    "category": 1,
    "image": "products/Dell_Alienware.jpg",
    "description": "Processor: Intel-based (high-end CPU) — suitable for gaming, rendering, multitasking.\r\n\r\nGraphics: Dedicated NVIDIA GPU (for smooth gaming / 3D / graphics-intensive tasks).\r\n\r\nMemory & Storage: 16 GB RAM + 1 TB SSD (fast storage + ample space) Great for users who want a “do-everything” laptop (gaming + work + content creation)",
    "price": "120399.00",
    "discount_price": "80899.00",
    "stock": 15,
    "is_active": true,
    "created_at": "2025-11-26T07:59:32.224Z",
    "updated_at": "2025-11-26T07:59:32.224Z",
    "is_verified": true
  }
},
{
  "model": "products.product",
  "pk": 25,
  "fields": {
    "name": "HP Pavilion",
    "slug": "hp-pavilion",
    "brand": "Brand: HP (Pavilion series)",
    "category": 1,
    "image": "products/HP_Pavilion.jpg",
    "description": "Brand: HP (Pavilion series)\r\n\r\nType / Use Case: Everyday laptop — for office work, browsing, studies, light-to-medium workloads\r\n\r\nConfiguration (base): Intel 12th-Gen Core i5, suitable for smooth multitasking, modern apps and Windows 11.\r\n\r\nPavilion laptops aim to deliver a good balance of performance, portability, and price — suitable for everyday tasks (office work, web browsing, media, light content creation, study, etc.).",
    "price": "62999.00",
    "discount_price": "55999.00",
    "stock": 31,
    "is_active": true,
    "created_at": "2025-11-26T08:03:38.515Z",
    "updated_at": "2025-11-26T08:03:38.515Z",
    "is_verified": true
  }
},
{
  "model": "products.product",
  "pk": 26,
  "fields": {
    "name": "HP Victus",
    "slug": "hp-victus",
    "brand": "HP Victus 15‑fa0002NG (15.6″, Intel Core i5)",
    "category": 1,
    "image": "products/HP_Victus.jpg",
    "description": "HP Victus 15‑fa0002NG (15.6″, Intel Core i5) — a balanced mid-range Victus model, with 15.6″ FHD display and mid-level CPU. A good choice if you want everyday use + some gaming / editing without overspending.",
    "price": "80000.00",
    "discount_price": "60000.00",
    "stock": 20,
    "is_active": true,
    "created_at": "2025-11-26T08:06:23.685Z",
    "updated_at": "2025-11-26T08:06:23.685Z",
    "is_verified": true
  }
},
{
  "model": "products.product",
  "pk": 27,
  "fields": {
    "name": "HP Omen",
    "slug": "hp-omen",
    "brand": "HP OMEN 16 Gaming Laptop",
    "category": 1,
    "image": "products/HP_Omen.jpg",
    "description": "OMEN laptops typically offer dedicated NVIDIA GPUs (RTX series), powerful CPUs (Intel or AMD), good cooling, high-refresh-rate displays, and gaming-oriented features (RGB keyboards, optimization software, etc.). \r\nBusiness Standard\r\n+2",
    "price": "154000.00",
    "discount_price": "125000.00",
    "stock": 12,
    "is_active": true,
    "created_at": "2025-11-26T08:16:49.960Z",
    "updated_at": "2025-11-26T08:17:00.281Z",
    "is_verified": true
  }
},
{
  "model": "products.product",
  "pk": 28,
  "fields": {
    "name": "HP Envy",
    "slug": "hp-envy",
    "brand": "HP (Hewlett-Packard).",
    "category": 1,
    "image": "products/HP_Envy.jpg",
    "description": "A stylish, lightweight laptop built for professionals and creators. HP Envy delivers fast performance, vibrant display quality, and long battery life.",
    "price": "90000.00",
    "discount_price": "64990.00",
    "stock": 12,
    "is_active": true,
    "created_at": "2025-11-26T08:21:59.136Z",
    "updated_at": "2025-11-26T08:21:59.136Z",
    "is_verified": true
  }
},
{
  "model": "products.product",
  "pk": 29,
  "fields": {
    "name": "HP Spectre",
    "slug": "hp-spectre",
    "brand": "HP",
    "category": 1,
    "image": "products/HP_Spectre.jpg",
    "description": "Built for demanding workflows like video editing, graphic design or professional multitasking — with powerful CPU/GPU, OLED display, rich connectivity, premium finish and convertible flexibility. Perfect for users who want performance, elegance and versatility in one machine.",
    "price": "179999.00",
    "discount_price": "139999.00",
    "stock": 18,
    "is_active": true,
    "created_at": "2025-11-26T08:24:20.252Z",
    "updated_at": "2025-11-26T08:24:20.252Z",
    "is_verified": true
  }
},
{
  "model": "products.product",
  "pk": 30,
  "fields": {
    "name": "HP EliteBook",
    "slug": "hp-elitebook",
    "brand": "HP EliteBook 640 14 G10 Notebook",
    "category": 1,
    "image": "products/HP_EliteBook.jpg",
    "description": "A compact 14‑inch business laptop designed for modern work — combining reliable performance, SSD‑based storage, and professional‑grade security features. Ideal for office work, corporate use, or frequent travellers needing a durable, portable machine.",
    "price": "127922.00",
    "discount_price": "107539.00",
    "stock": 29,
    "is_active": true,
    "created_at": "2025-11-26T08:26:56.009Z",
    "updated_at": "2025-11-26T08:26:56.009Z",
    "is_verified": true
  }
},
{
  "model": "products.product",
  "pk": 31,
  "fields": {
    "name": "lenova",
    "slug": "lenova",
    "brand": "Lenovo ThinkPad E14 Gen 6 Laptop",
    "category": 1,
    "image": "products/lenova.jpg",
    "description": "Lenovo laptops offer a wide range — from budget‑friendly everyday machines to business‑class notebooks and high‑performance gaming rigs. With reliable build quality, modern processors, and SSD‑based storage, Lenovo devices suit students, professionals, and gamers alike.",
    "price": "79999.00",
    "discount_price": "59999.00",
    "stock": 12,
    "is_active": true,
    "created_at": "2025-11-26T08:28:25.745Z",
    "updated_at": "2025-11-26T08:28:25.745Z",
    "is_verified": true
  }
},
{
  "model": "products.product",
  "pk": 32,
  "fields": {
    "name": "Lenovo ThinkPad",
    "slug": "lenovo-thinkpad",
    "brand": "Lenovo ThinkPad E14 (Intel)",
    "category": 1,
    "image": "products/Lenovo_ThinkPad.jpg",
    "description": "Premium ThinkPads (high RAM, SSD, CPU) cost more but are more future‑proof and better for heavier workloads, multitasking, long‑term use.",
    "price": "50000.00",
    "discount_price": "41990.00",
    "stock": 15,
    "is_active": true,
    "created_at": "2025-11-26T08:49:31.354Z",
    "updated_at": "2025-11-26T08:49:31.354Z",
    "is_verified": true
  }
},
{
  "model": "products.product",
  "pk": 33,
  "fields": {
    "name": "Lenovo Legion",
    "slug": "lenovo-legion",
    "brand": "Lenovo ThinkPad E14 Gen 6 Laptop",
    "category": 1,
    "image": "products/Lenovo_Legion.jpg",
    "description": "A larger‑screen (16 inch) ThinkPad, which is helpful if you want more screen real estate for multitasking, coding, or productivity work. Larger ThinkPads tend to cost a bit more, but offer more workspace.",
    "price": "70000.00",
    "discount_price": "45000.00",
    "stock": 25,
    "is_active": true,
    "created_at": "2025-11-26T08:57:08.564Z",
    "updated_at": "2025-11-26T08:57:08.564Z",
    "is_verified": true
  }
},
{
  "model": "products.product",
  "pk": 34,
  "fields": {
    "name": "Lenovo LOQ",
    "slug": "lenovo-loq",
    "brand": "Lenovo LOQ 15.6\" Laptop Intel Core i5-12450HX",
    "category": 1,
    "image": "products/Lenovo_LOQ.jpg",
    "description": "The LOQ line is Lenovo’s budget-to‑mid‑range gaming/ performance‑oriented laptop series — aimed at gamers, students, content‑creators, and users needing good graphics + processing.",
    "price": "70000.00",
    "discount_price": "55000.00",
    "stock": 25,
    "is_active": true,
    "created_at": "2025-11-26T08:58:34.890Z",
    "updated_at": "2025-11-26T08:58:45.121Z",
    "is_verified": true
  }
},
{
  "model": "products.product",
  "pk": 35,
  "fields": {
    "name": "Acer Aspire",
    "slug": "acer-aspire",
    "brand": "Acer Aspire 3 Intel Celeron Laptop",
    "category": 1,
    "image": "products/Acer_Aspire.jpg",
    "description": "Everyday tasks: web browsing, office work, online classes, media consumption.\r\n\r\nStudents or general home use (with modest budget).\r\n\r\nMid‑level computing tasks (if you pick a mid‑spec variant).",
    "price": "25000.00",
    "discount_price": "22899.00",
    "stock": 21,
    "is_active": true,
    "created_at": "2025-11-26T09:06:42.107Z",
    "updated_at": "2025-11-26T09:06:42.107Z",
    "is_verified": true
  }
},
{
  "model": "products.product",
  "pk": 36,
  "fields": {
    "name": "Acer Nitro",
    "slug": "acer-nitro",
    "brand": "Acer Nitro 5 Gaming Laptop",
    "category": 1,
    "image": "products/Acer_Nitro.jpg",
    "description": "Acer Nitro laptops bring gaming‑grade power and performance to a laptop form — combining strong processors, dedicated NVIDIA graphics, high‑refresh displays, and efficient cooling. Whether you’re gaming, editing videos, designing graphics or running heavy workloads — Nitro delivers speed, smoothness, and reliability. With models ranging from budget-friendly to performance‑optimized, Nitro offers a solid balance of performance and value for gamers, creators, and power users.",
    "price": "61990.00",
    "discount_price": "51990.00",
    "stock": 20,
    "is_active": true,
    "created_at": "2025-11-26T09:08:09.007Z",
    "updated_at": "2025-11-26T09:08:09.007Z",
    "is_verified": true
  }
},
{
  "model": "products.product",
  "pk": 37,
  "fields": {
    "name": "Acer Predator",
    "slug": "acer-predator",
    "brand": "Acer Predator Helios 300 Gaming Laptop",
    "category": 1,
    "image": "products/Acer_Predator.jpg",
    "description": "Acer Predator laptops deliver gaming‑grade power and performance to a laptop form — combining fast processors, dedicated graphics, high‑refresh displays, and efficient cooling. Whether you are gaming, editing videos, designing graphics or running heavy workloads — Predator provides speed, smoothness, and reliability. With models spanning from mid‑range to high‑end, Predator offers a solid balance of performance and value for gamers, creators, and power users.",
    "price": "180000.00",
    "discount_price": "75000.00",
    "stock": 15,
    "is_active": true,
    "created_at": "2025-11-26T09:09:47.181Z",
    "updated_at": "2025-11-26T09:09:47.181Z",
    "is_verified": true
  }
},
{
  "model": "products.product",
  "pk": 38,
  "fields": {
    "name": "Acer Swift",
    "slug": "acer-swift",
    "brand": "Acer Swift 3 Core i5 Laptop",
    "category": 1,
    "image": "products/Acer_Swift.jpg",
    "description": "Acer Swift laptops deliver a clean blend of portability, performance, and stylish design. With slim bodies, lightweight build and efficient battery life, Swift is ideal for students, professionals, and frequent travellers — whether for office work, study, content consumption, or light creative tasks. From budget‑to‑midrange models to premium touch‑screen or AI‑ready versions, Acer Swift offers a laptop for every need without compromising on convenience or build quality.",
    "price": "69700.00",
    "discount_price": "45000.00",
    "stock": 5,
    "is_active": true,
    "created_at": "2025-11-26T09:11:05.923Z",
    "updated_at": "2025-11-26T09:11:05.923Z",
    "is_verified": true
  }
},
{
  "model": "products.product",
  "pk": 39,
  "fields": {
    "name": "Acer Spin",
    "slug": "acer-spin",
    "brand": "Acer Spin 3 SP315-51 Laptop",
    "category": 1,
    "image": "products/Acer_Spin.jpg",
    "description": "Acer Spin laptops combine the portability of a tablet with the functionality of a full laptop — featuring touchscreen displays, convertible hinges or 2-in-1 form‑factor, and sufficient performance for everyday computing, office tasks, studying, browsing, and light creative work. Their compact design, flexible usage modes, and balanced specs make them ideal for students, professionals and users on the go who want a versatile, easy-to-carry device without overspending.",
    "price": "85000.00",
    "discount_price": "30000.00",
    "stock": 15,
    "is_active": true,
    "created_at": "2025-11-26T09:12:08.604Z",
    "updated_at": "2025-11-26T09:12:16.034Z",
    "is_verified": true
  }
},
{
  "model": "products.product",
  "pk": 40,
  "fields": {
    "name": "Samsung Galaxy Book Odyssey",
    "slug": "samsung-galaxy-book-odyssey",
    "brand": "Samsung",
    "category": 1,
    "image": "products/Samsung_Galaxy_Book_Odyssey.jpg",
    "description": "Samsung Galaxy Book Odyssey brings powerful performance and portability to one machine — with Intel Core i7, NVIDIA RTX graphics, full‑HD display and fast SSD storage. Whether you’re gaming, editing videos, designing graphics or running heavy applications, Odyssey delivers the speed, graphics power and connectivity to handle demanding workloads without compromise.",
    "price": "225000.00",
    "discount_price": "185000.00",
    "stock": 3,
    "is_active": true,
    "created_at": "2025-11-26T09:17:27.682Z",
    "updated_at": "2025-11-26T09:17:27.682Z",
    "is_verified": true
  }
},
{
  "model": "products.product",
  "pk": 41,
  "fields": {
    "name": "Samsung Galaxy Book Pro",
    "slug": "samsung-galaxy-book-pro",
    "brand": "Samsung",
    "category": 1,
    "image": "products/Samsung_Galaxy_Book_Pro.jpg",
    "description": "Samsung Galaxy Book Pro offers premium‑class portability and performance in a sleek, lightweight package. With vivid AMOLED displays (or equivalent), modern Intel processors, fast SSD storage and enough RAM to handle productivity, creative work, and multitasking — it’s ideal for professionals, students, and travelers who want a powerful yet portable laptop. Galaxy Book Pro strikes a balance of design, performance, and convenience, making everyday work smoother and more efficient.",
    "price": "176699.00",
    "discount_price": "131990.00",
    "stock": 4,
    "is_active": true,
    "created_at": "2025-11-26T09:18:31.368Z",
    "updated_at": "2025-11-26T09:18:31.368Z",
    "is_verified": true
  }
},
{
  "model": "products.product",
  "pk": 42,
  "fields": {
    "name": "Samsung Galaxy Book",
    "slug": "samsung-galaxy-book",
    "brand": "Samsung",
    "category": 1,
    "image": "products/Samsung_Galaxy_Book.jpg",
    "description": "Samsung Galaxy Book delivers a sleek, portable and reliable laptop experience — combining modern Intel‑powered performance with a lightweight build. Ideal for students, professionals, and everyday users who want a laptop for work, study, browsing, streaming or general productivity without excess bulk. Galaxy Book strikes the right balance between convenience, performance, and value.",
    "price": "75000.00",
    "discount_price": "70000.00",
    "stock": 2,
    "is_active": true,
    "created_at": "2025-11-26T09:19:43.876Z",
    "updated_at": "2025-11-26T09:19:43.876Z",
    "is_verified": true
  }
},
{
  "model": "products.product",
  "pk": 43,
  "fields": {
    "name": "iPhone 16",
    "slug": "iphone-16",
    "brand": "Apple",
    "category": 2,
    "image": "products/iPhone_16.jpg",
    "description": "The iPhone 16 is the latest smartphone from Apple, which is also the most affordable smartphone with Apple Intelligence. Featuring a 6.1-inch OLED screen, the iPhone 16 is powered by the A18 chip and ships with iOS 18 OS with a starting price of Rs 79,900 for the 128 GB variant.",
    "price": "79900.00",
    "discount_price": "74900.00",
    "stock": 12,
    "is_active": true,
    "created_at": "2025-11-29T12:48:57.165Z",
    "updated_at": "2025-11-29T12:48:57.165Z",
    "is_verified": true
  }
},
{
  "model": "products.product",
  "pk": 44,
  "fields": {
    "name": "iphone 15 pro",
    "slug": "iphone-15-pro",
    "brand": "Apple",
    "category": 2,
    "image": "products/Samsung_Galaxy_S24.jpg",
    "description": "The iPhone 15 Pro comes with a 6.1-inch Super Retina XDR OLED display with 120 Hz ProMotion — smooth refresh and high brightness.\r\n\r\nStorage options: Available in 128 GB, 256 GB, 512 GB, and 1 TB variants.",
    "price": "77455.00",
    "discount_price": "71990.00",
    "stock": 12,
    "is_active": true,
    "created_at": "2025-11-29T12:52:34.445Z",
    "updated_at": "2025-11-29T12:52:34.445Z",
    "is_verified": true
  }
},
{
  "model": "products.product",
  "pk": 45,
  "fields": {
    "name": "Samsung Galaxy S24",
    "slug": "samsung-galaxy-s24",
    "brand": "Samsung",
    "category": 2,
    "image": "products/Samsung_Galaxy_S23.jpg",
    "description": "Galaxy S24 is a flagship-class Android phone but in a more compact / “regular flagship” form factor — offers a balance of performance, camera, displays, and long-term support. Good for daily heavy use, photography, media, gaming, and future-proofing.\r\n\r\nTypically 8 GB RAM, and variants include 128 GB, 256 GB, or 512 GB storage\r\n\r\n5G, Wi-Fi, NFC, Bluetooth and other modern connectivity options.",
    "price": "59999.00",
    "discount_price": "50999.00",
    "stock": 15,
    "is_active": true,
    "created_at": "2025-11-29T13:01:23.750Z",
    "updated_at": "2025-11-29T13:02:46.013Z",
    "is_verified": true
  }
},
{
  "model": "products.product",
  "pk": 46,
  "fields": {
    "name": "OnePlus 12",
    "slug": "oneplus-12",
    "brand": "OnePlus",
    "category": 2,
    "image": "products/OnePlus_12.jpg",
    "description": "OnePlus 12 is a premium flagship-grade Android phone — with a top-tier display, strong camera setup, very good performance, and fast charging + large battery. Good for heavy users, gaming, photography, multitasking, and long-term usage.",
    "price": "64999.00",
    "discount_price": "54999.00",
    "stock": 12,
    "is_active": true,
    "created_at": "2025-12-01T13:16:06.539Z",
    "updated_at": "2025-12-01T13:16:06.539Z",
    "is_verified": true
  }
},
{
  "model": "products.product",
  "pk": 47,
  "fields": {
    "name": "Realme 12 Pro",
    "slug": "realme-12-pro",
    "brand": "Realme",
    "category": 2,
    "image": "products/Realme_12_Pro.jpg",
    "description": "realme 12 Pro is a mid-range to upper-mid-range smartphone, offering a good balance of display, cameras (including telephoto), battery life, 5G, and fast charging. It’s a value-for-money device especially if you want more than just a basic phone but don’t want to go flagship-class.",
    "price": "25999.00",
    "discount_price": "19999.00",
    "stock": 15,
    "is_active": true,
    "created_at": "2025-12-01T13:17:25.916Z",
    "updated_at": "2025-12-01T13:17:25.916Z",
    "is_verified": true
  }
},
{
  "model": "products.product",
  "pk": 48,
  "fields": {
    "name": "Vivo V30",
    "slug": "vivo-v30",
    "brand": "Vivo",
    "category": 2,
    "image": "products/Vivo_V30.jpg",
    "description": "Vivo V30 gives a well-rounded mid-to-upper-mid-range smartphone experience: strong display, good cameras (front + back), decent performance, and a large battery with fast charging — a good balance for everyday use, social media, media consumption, photos, and moderate gaming.",
    "price": "33990.00",
    "discount_price": "30990.00",
    "stock": 24,
    "is_active": true,
    "created_at": "2025-12-01T13:18:48.372Z",
    "updated_at": "2025-12-01T13:18:48.372Z",
    "is_verified": true
  }
},
{
  "model": "products.product",
  "pk": 49,
  "fields": {
    "name": "Vivo Y200",
    "slug": "vivo-y200",
    "brand": "Vivo",
    "category": 2,
    "image": "products/Vivo_Y200.jpg",
    "description": "Vivo Y200 is a mid-range smartphone that offers a good display + camera + battery + 5G in a balanced package. It’s ideal for everyday users — social media, video watching, photos, moderate gaming, and general use — without the high cost of flagship phones.",
    "price": "21999.00",
    "discount_price": "18999.00",
    "stock": 12,
    "is_active": true,
    "created_at": "2025-12-01T13:20:13.170Z",
    "updated_at": "2025-12-01T13:20:26.435Z",
    "is_verified": true
  }
},
{
  "model": "products.product",
  "pk": 50,
  "fields": {
    "name": "Oppo Reno 11",
    "slug": "oppo-reno-11",
    "brand": "Oppo",
    "category": 2,
    "image": "products/Oppo_Reno_11.jpg",
    "description": "Reno 11 5G is a upper-midrange / mid-range smartphone that tries to balance good display, versatile camera system, decent performance, 5G and fast charging. It’s suitable for everyday use, media consumption, social media, photos & selfies, light to moderate apps/games.",
    "price": "27999.00",
    "discount_price": "24999.00",
    "stock": 15,
    "is_active": true,
    "created_at": "2025-12-01T13:22:19.569Z",
    "updated_at": "2025-12-01T13:22:19.569Z",
    "is_verified": true
  }
},
{
  "model": "products.product",
  "pk": 51,
  "fields": {
    "name": "Oppo F25 Pro",
    "slug": "oppo-f25-pro",
    "brand": "Oppo",
    "category": 2,
    "image": "products/Oppo_F25_Pro.jpg",
    "description": "Oppo F25 Pro 5G is a mid-range / upper-mid range smartphone that offers a balanced mix of good display, capable cameras, 5G connectivity, battery + fast charging, and smooth performance — making it a strong “value-for-money” choice if you want modern smartphone features without spending flagship-level money.",
    "price": "25999.00",
    "discount_price": "19999.00",
    "stock": 21,
    "is_active": true,
    "created_at": "2025-12-01T13:24:04.646Z",
    "updated_at": "2025-12-01T13:24:15.404Z",
    "is_verified": true
  }
},
{
  "model": "products.product",
  "pk": 52,
  "fields": {
    "name": "Xiaomi Redmi Note 13",
    "slug": "xiaomi-redmi-note-13",
    "brand": "Xiaomi",
    "category": 2,
    "image": "products/Xiaomi_Redmi_Note_13.jpg",
    "description": "Redmi Note 13 aims to be a balanced, budget-to-mid-range smartphone with a strong feature-set for its price: good display, decent cameras, capable hardware for everyday use, and a decent battery with fast charging.",
    "price": "19999.00",
    "discount_price": "16999.00",
    "stock": 12,
    "is_active": true,
    "created_at": "2025-12-01T13:26:15.312Z",
    "updated_at": "2025-12-01T13:26:27.769Z",
    "is_verified": true
  }
},
{
  "model": "products.product",
  "pk": 53,
  "fields": {
    "name": "iPad Pro M4",
    "slug": "ipad-pro-m4",
    "brand": "iPad",
    "category": 2,
    "image": "products/iPad_Pro_M4.jpg",
    "description": "iPad Pro M4 is a top-tier tablet aimed at people who want powerful performance + great display + pro-level multimedia, editing, creative or productivity usage — it’s more than just casual browsing or watching videos.",
    "price": "99900.00",
    "discount_price": "92000.00",
    "stock": 21,
    "is_active": true,
    "created_at": "2025-12-01T13:32:07.273Z",
    "updated_at": "2025-12-01T13:32:07.273Z",
    "is_verified": true
  }
},
{
  "model": "products.product",
  "pk": 54,
  "fields": {
    "name": "iPad 10th Gen",
    "slug": "ipad-10th-gen",
    "brand": "iPad",
    "category": 2,
    "image": "products/iPad_10th_Gen.jpg",
    "description": "iPad 10th Gen is a mid-range / “entry-to-mid” iPad — not as powerful as iPad Pro / iPad Air, but giving a solid mix of display, performance, battery, camera and Apple-ecosystem features. It’s “all-rounder plus value” — suitable for students, media & entertainment, browsing, note-taking, light creative work (drawing, editing), reading, video calls, etc.",
    "price": "44900.00",
    "discount_price": "40900.00",
    "stock": 13,
    "is_active": true,
    "created_at": "2025-12-01T13:33:27.675Z",
    "updated_at": "2025-12-01T13:33:27.675Z",
    "is_verified": true
  }
},
{
  "model": "products.product",
  "pk": 55,
  "fields": {
    "name": "Canon EOS R6",
    "slug": "canon-eos-r6",
    "brand": "Canon",
    "category": 3,
    "image": "products/Canon_EOS_R6.jpg",
    "description": "Canon EOS R6 is a full-frame, professional-grade, mirrorless hybrid camera suitable for serious photographers, content creators, videographers — bridging high-quality stills and video-work in one body.",
    "price": "155999.00",
    "discount_price": "151990.00",
    "stock": 20,
    "is_active": true,
    "created_at": "2025-12-01T13:54:21.843Z",
    "updated_at": "2025-12-01T13:54:21.843Z",
    "is_verified": true
  }
},
{
  "model": "products.product",
  "pk": 56,
  "fields": {
    "name": "Sony Alpha A7 IV",
    "slug": "sony-alpha-a7-iv",
    "brand": "Sony",
    "category": 3,
    "image": "products/Sony_Alpha_A7_IV.jpg",
    "description": "A7 IV is a high-end, versatile camera body — equally at home doing professional photography and video — making it a great choice for serious photographers, content creators, and professionals needing flexibility.",
    "price": "223990.00",
    "discount_price": "207999.00",
    "stock": 12,
    "is_active": true,
    "created_at": "2025-12-01T13:55:36.891Z",
    "updated_at": "2025-12-01T13:55:36.891Z",
    "is_verified": true
  }
},
{
  "model": "products.product",
  "pk": 57,
  "fields": {
    "name": "Nikon Z6 II",
    "slug": "nikon-z6-ii",
    "brand": "Nikon",
    "category": 3,
    "image": "products/Nikon_Z6_II.jpg",
    "description": "Nikon Z6 II is a full-frame, professional-grade mirrorless camera — powerful enough for high-quality photography (portraits, events, travel, landscape, wildlife) and videography. It balances performance, flexibility, and build quality — making it a popular “do-everything” camera body.",
    "price": "200000.00",
    "discount_price": "195000.00",
    "stock": 15,
    "is_active": true,
    "created_at": "2025-12-01T13:56:55.195Z",
    "updated_at": "2025-12-01T13:56:55.195Z",
    "is_verified": true
  }
},
{
  "model": "products.product",
  "pk": 58,
  "fields": {
    "name": "Fujifilm X-T5",
    "slug": "fujifilm-x-t5",
    "brand": "Fujifilm",
    "category": 3,
    "image": "products/Fujifilm_X-T5.jpg",
    "description": "X-T5 is a high-resolution, high-quality mirrorless camera that balances modern digital features (IBIS, high MP sensor, silent shutter, video) with the classic photography feel Fujifilm is known for. It’s strong for landscape, portrait, travel, commercial, street photography, and even hybrid photo/video work.",
    "price": "158000.00",
    "discount_price": "145999.00",
    "stock": 12,
    "is_active": true,
    "created_at": "2025-12-01T13:59:52.585Z",
    "updated_at": "2025-12-01T13:59:52.585Z",
    "is_verified": true
  }
},
{
  "model": "products.product",
  "pk": 59,
  "fields": {
    "name": "GoPro Hero 12 Black",
    "slug": "gopro-hero-12-black",
    "brand": "GoPro Hero",
    "category": 3,
    "image": "products/GoPro_Hero_12_Black.jpg",
    "description": "GoPro Hero 12 Black is a compact, rugged, versatile action camera, great for travel, adventure, sports, vlogging, and creative video/photo work — giving a mix of high‑res video, strong stabilization, flexible shooting modes and portability.",
    "price": "65000.00",
    "discount_price": "55000.00",
    "stock": 12,
    "is_active": true,
    "created_at": "2025-12-01T14:02:24.034Z",
    "updated_at": "2025-12-01T14:02:24.034Z",
    "is_verified": true
  }
},
{
  "model": "products.product",
  "pk": 60,
  "fields": {
    "name": "DJI Osmo Pocket 3",
    "slug": "dji-osmo-pocket-3",
    "brand": "DJI",
    "category": 3,
    "image": "products/DJI_Osmo_Pocket_3.jpg",
    "description": "The Osmo Pocket 3 is a compact, pocket‑sized handheld camera + gimbal made by DJI. It combines a fairly large image sensor, mechanical stabilization, and ease of use to deliver high‑quality video and footage — but in a small form factor",
    "price": "52999.00",
    "discount_price": "49889.00",
    "stock": 13,
    "is_active": true,
    "created_at": "2025-12-01T14:07:16.003Z",
    "updated_at": "2025-12-01T14:07:16.003Z",
    "is_verified": true
  }
},
{
  "model": "products.product",
  "pk": 61,
  "fields": {
    "name": "Insta360 X3",
    "slug": "insta360-x3",
    "brand": "Insta360",
    "category": 3,
    "image": "products/Insta360_X3.jpg",
    "description": "Insta360 is widely known for innovating 360‑degree camera and action‑camera technology — their cameras are designed to make immersive video/photo capture simpler and more accessible, even for amateurs or travel‑use.",
    "price": "55999.00",
    "discount_price": "49999.00",
    "stock": 16,
    "is_active": true,
    "created_at": "2025-12-01T14:09:55.151Z",
    "updated_at": "2025-12-01T14:10:06.147Z",
    "is_verified": true
  }
},
{
  "model": "products.product",
  "pk": 62,
  "fields": {
    "name": "Manfrotto Tripod",
    "slug": "manfrotto-tripod",
    "brand": "Manfrotto",
    "category": 3,
    "image": "products/Manfrotto_Tripod.jpg",
    "description": "A versatile 3‑section tripod with a 90° adjustable centre column, quick‑lock leg system, and adjustable leg angles. It supports a solid load and is a good “all‑rounder” tripod for photography or video.",
    "price": "20000.00",
    "discount_price": "18000.00",
    "stock": 12,
    "is_active": true,
    "created_at": "2025-12-01T14:12:26.600Z",
    "updated_at": "2025-12-01T14:12:26.600Z",
    "is_verified": true
  }
},
{
  "model": "products.product",
  "pk": 63,
  "fields": {
    "name": "Sony WH-1000XM5 (Noise-Cancelling Headphones)",
    "slug": "sony-wh-1000xm5-noise-cancelling-headphones",
    "brand": "Sony WH",
    "category": 4,
    "image": "products/Sony_WH-1000XM5_Noise-Cancelling_Headphones.jpg",
    "description": "The Sony WH-1000XM5 is a premium over‑ear wireless headphone designed for immersive listening with cutting‑edge noise cancellation and high‑quality audio. It’s built for comfort, long listening sessions, and modern use — whether you’re traveling, working, or relaxing with music.",
    "price": "34990.00",
    "discount_price": "29990.00",
    "stock": 12,
    "is_active": true,
    "created_at": "2025-12-01T14:26:15.475Z",
    "updated_at": "2025-12-01T14:31:23.007Z",
    "is_verified": true
  }
},
{
  "model": "products.product",
  "pk": 64,
  "fields": {
    "name": "Bose QuietComfort 45",
    "slug": "bose-quietcomfort-45",
    "brand": "Bose",
    "category": 4,
    "image": "products/Bose_QuietComfort_45.jpg",
    "description": "The Bose QuietComfort 45 is a premium over‑ear wireless headphone built for comfort, high‑fidelity audio and effective noise cancellation — ideal for travel, work, music, movies or calls. It balances quiet, comfort and sound, with features that suit long listening sessions and varied listening environments.",
    "price": "32900.00",
    "discount_price": "29900.00",
    "stock": 13,
    "is_active": true,
    "created_at": "2025-12-01T14:28:21.003Z",
    "updated_at": "2025-12-01T14:30:59.165Z",
    "is_verified": true
  }
},
{
  "model": "products.product",
  "pk": 65,
  "fields": {
    "name": "Apple AirPods Pro 2",
    "slug": "apple-airpods-pro-2",
    "brand": "Apple",
    "category": 4,
    "image": "products/Apple_AirPods_Pro_2.jpg",
    "description": "The Apple AirPods Pro (2nd Generation) are premium true‑wireless earbuds designed for top‑notch audio performance, convenience, comfort and modern connectivity. They deliver immersive sound, powerful noise control and seamless integration with Apple devices — ideal for music, calls, travel, workouts or everyday listening.",
    "price": "24900.00",
    "discount_price": "20900.00",
    "stock": 15,
    "is_active": true,
    "created_at": "2025-12-01T14:30:21.084Z",
    "updated_at": "2025-12-01T14:30:48.278Z",
    "is_verified": true
  }
},
{
  "model": "products.product",
  "pk": 66,
  "fields": {
    "name": "JBL Tune 130NC TWS",
    "slug": "jbl-tune-130nc-tws",
    "brand": "JBL",
    "category": 4,
    "image": "products/JBL_Tune_130NC_TWS.jpg",
    "description": "The JBL Tune 130NC TWS are true‑wireless in‑ear earbuds offering a mix of portable convenience, decent audio quality, and active noise‑cancellation — ideal for everyday music, calls, commuting, workouts or casual listening.",
    "price": "4999.00",
    "discount_price": "4298.00",
    "stock": 15,
    "is_active": true,
    "created_at": "2025-12-01T14:33:23.935Z",
    "updated_at": "2025-12-01T14:33:23.935Z",
    "is_verified": true
  }
},
{
  "model": "products.product",
  "pk": 67,
  "fields": {
    "name": "JBL Flip 6 (Portable Bluetooth Speaker)",
    "slug": "jbl-flip-6-portable-bluetooth-speaker",
    "brand": "JBL",
    "category": 4,
    "image": "products/JBL_Flip_6_Portable_Bluetooth_Speaker.jpg",
    "description": "The JBL Flip 6 is a compact yet powerful portable Bluetooth speaker designed for people who want high‑quality audio, portability and durability — ideal for home, travel, parties, outdoors or casual listening sessions. It delivers the signature “JBL Original Pro Sound” with strong bass, clear mids and crisp highs in a small, easy-to-carry package.",
    "price": "14999.00",
    "discount_price": "11999.00",
    "stock": 23,
    "is_active": true,
    "created_at": "2025-12-01T14:35:14.258Z",
    "updated_at": "2025-12-01T14:35:14.258Z",
    "is_verified": true
  }
},
{
  "model": "products.product",
  "pk": 68,
  "fields": {
    "name": "Sony SRS-XB43",
    "slug": "sony-srs-xb43",
    "brand": "Sony",
    "category": 4,
    "image": "products/Rode_NT-USB.jpg",
    "description": "The Sony SRS‑XB43 is a premium portable Bluetooth speaker offering powerful, deep bass, durable build, and long battery life — ideal for home, travel, outdoor, parties, or casual listening. It’s part of Sony’s EXTRA BASS™ speaker lineup, delivering punchy low‑end and balanced sound, plus portability and robustness for indoor or outdoor use.",
    "price": "21990.00",
    "discount_price": "19990.00",
    "stock": 21,
    "is_active": true,
    "created_at": "2025-12-01T14:36:38.371Z",
    "updated_at": "2025-12-01T14:36:38.371Z",
    "is_verified": true
  }
},
{
  "model": "products.product",
  "pk": 69,
  "fields": {
    "name": "Blue Yeti USB Microphone",
    "slug": "blue-yeti-usb-microphone",
    "brand": "Blue",
    "category": 4,
    "image": "products/Blue_Yeti_USB_Microphone.jpg",
    "description": "The Blue Yeti USB Microphone is a widely‑used, professional‑grade condenser mic designed for versatility — ideal for streaming, podcasting, gaming, voice‑overs, music, interviews or any recording needs on a PC/Mac.",
    "price": "19990.00",
    "discount_price": "16990.00",
    "stock": 13,
    "is_active": true,
    "created_at": "2025-12-01T14:39:25.965Z",
    "updated_at": "2025-12-01T14:39:25.965Z",
    "is_verified": true
  }
},
{
  "model": "products.product",
  "pk": 70,
  "fields": {
    "name": "Rode NT-USB",
    "slug": "rode-nt-usb",
    "brand": "Rode",
    "category": 4,
    "image": "products/Rode_NT-USB_Cp12mp3.jpg",
    "description": "The RØDE NT‑USB is a professional-quality USB condenser microphone that combines high-fidelity recording with plug‑and‑play convenience — ideal for podcasting, streaming, voice‑overs, gaming, online classes, music, and general voice recording.",
    "price": "15990.00",
    "discount_price": "14500.00",
    "stock": 16,
    "is_active": true,
    "created_at": "2025-12-01T14:40:33.923Z",
    "updated_at": "2025-12-01T14:40:33.923Z",
    "is_verified": true
  }
},
{
  "model": "products.product",
  "pk": 71,
  "fields": {
    "name": "Amazon Echo Dot (Smart Speaker with Alexa)",
    "slug": "amazon-echo-dot-smart-speaker-with-alexa",
    "brand": "Amazon",
    "category": 5,
    "image": "products/Amazon_Echo_Dot_Smart_Speaker_with_Alexa.jpg",
    "description": "The Amazon Echo Dot is a compact smart speaker that brings voice-controlled intelligence to any room. Powered by Alexa, it lets users play music, listen to news, check weather, set timers/alarms, control smart home devices, and more — all via voice commands or simple taps.",
    "price": "5499.00",
    "discount_price": "4999.00",
    "stock": 15,
    "is_active": true,
    "created_at": "2025-12-02T08:31:31.128Z",
    "updated_at": "2025-12-02T08:31:31.128Z",
    "is_verified": true
  }
},
{
  "model": "products.product",
  "pk": 72,
  "fields": {
    "name": "Philips Hue Smart Bulbs",
    "slug": "philips-hue-smart-bulbs",
    "brand": "Philips",
    "category": 5,
    "image": "products/Philips_Hue_Smart_Bulbs.jpg",
    "description": "The Philips Hue Smart Bulb is a premium LED smart light designed to transform ordinary lighting into a flexible, customizable smart-home lighting system. These bulbs let you control brightness, color, and ambience straight from a smartphone app (or via voice assistants), making them ideal for living rooms, bedrooms, kitchens, workspaces — or any room where you want mood-based lighting, convenience, and automation.",
    "price": "3600.00",
    "discount_price": "2500.00",
    "stock": 17,
    "is_active": true,
    "created_at": "2025-12-02T08:32:47.384Z",
    "updated_at": "2025-12-02T08:33:18.663Z",
    "is_verified": true
  }
},
{
  "model": "products.product",
  "pk": 73,
  "fields": {
    "name": "TP-Link Kasa Smart Plug",
    "slug": "tp-link-kasa-smart-plug",
    "brand": "TP-Link",
    "category": 5,
    "image": "products/TP-Link_Kasa_Smart_Plug.jpg",
    "description": "The TP-Link Kasa Smart Plug turns ordinary home appliances into smart-home devices, letting users control electrical items from anywhere via phone app or voice assistant. It’s ideal for lamps, fans, TVs, chargers, and other electronics — offering convenience, automation, and energy-management capabilities.",
    "price": "4500.00",
    "discount_price": "2500.00",
    "stock": 16,
    "is_active": true,
    "created_at": "2025-12-02T08:34:33.733Z",
    "updated_at": "2025-12-02T08:34:33.733Z",
    "is_verified": true
  }
},
{
  "model": "products.product",
  "pk": 74,
  "fields": {
    "name": "Ring Video Doorbell 4",
    "slug": "ring-video-doorbell-4",
    "brand": "Ring",
    "category": 5,
    "image": "products/Ring_Video_Doorbell_4.jpg",
    "description": "The Ring Video Doorbell 4 is a smart video-doorbell that lets you see, hear and speak to visitors at your door — from wherever you are. It combines on-demand 1080p HD video, motion detection, two-way audio and smart alerts to turn any entrance into a connected security point.",
    "price": "18000.00",
    "discount_price": "16000.00",
    "stock": 14,
    "is_active": true,
    "created_at": "2025-12-02T08:35:43.925Z",
    "updated_at": "2025-12-02T08:35:43.925Z",
    "is_verified": true
  }
},
{
  "model": "products.product",
  "pk": 75,
  "fields": {
    "name": "Ecobee Smart Thermostat",
    "slug": "ecobee-smart-thermostat",
    "brand": "Ecobee",
    "category": 5,
    "image": "products/Ecobee_Smart_Thermostat.jpg",
    "description": "The ecobee Smart Thermostat is an intelligent, Wi-Fi-enabled thermostat that gives modern homes precise control over heating and cooling — with automatic adjustments, energy savings, and smart-home integration. It’s ideal for homeowners who want comfort, convenience, and energy-efficient climate control without manual thermostat adjustments every day.",
    "price": "41500.00",
    "discount_price": "35500.00",
    "stock": 12,
    "is_active": true,
    "created_at": "2025-12-02T08:36:57.961Z",
    "updated_at": "2025-12-02T08:36:57.961Z",
    "is_verified": true
  }
},
{
  "model": "products.product",
  "pk": 76,
  "fields": {
    "name": "Arlo Pro 4 Security Camera",
    "slug": "arlo-pro-4-security-camera",
    "brand": "Arlo",
    "category": 5,
    "image": "products/Arlo_Pro_4_Security_Camera.jpg",
    "description": "The Arlo Pro 4 is a high-quality wireless security camera designed for home or business surveillance — offering sharp video, smart features, and flexible installation (indoor or outdoor). It’s part of Arlo’s “Pro” series, and can connect directly to Wi-Fi (no hub needed), making it easy to set up quickly.",
    "price": "4500.00",
    "discount_price": "3999.00",
    "stock": 13,
    "is_active": true,
    "created_at": "2025-12-02T08:38:20.680Z",
    "updated_at": "2025-12-02T08:38:20.680Z",
    "is_verified": true
  }
},
{
  "model": "products.product",
  "pk": 77,
  "fields": {
    "name": "iRobot Roomba i3+ (Smart Vacuum)",
    "slug": "irobot-roomba-i3-smart-vacuum",
    "brand": "iRobot",
    "category": 5,
    "image": "products/iRobot_Roomba_i3_Smart_Vacuum.jpg",
    "description": "The iRobot Roomba i3+ is a smart, robot-vacuum cleaner designed to make home cleaning automatic and convenient — ideal for apartments, houses, or any space where you want to reduce manual vacuuming. It brings intelligent navigation, automatic dirt disposal, voice-assistant compatibility, and a cleaning system suited for multiple floor types.",
    "price": "69900.00",
    "discount_price": "59900.00",
    "stock": 18,
    "is_active": true,
    "created_at": "2025-12-02T08:39:55.111Z",
    "updated_at": "2025-12-02T08:40:05.141Z",
    "is_verified": true
  }
},
{
  "model": "products.product",
  "pk": 78,
  "fields": {
    "name": "Nanoleaf Shapes (Smart LED Panels)",
    "slug": "nanoleaf-shapes-smart-led-panels",
    "brand": "Nanoleaf",
    "category": 5,
    "image": "products/Nanoleaf_Shapes_Smart_LED_Panels.jpg",
    "description": "The iRobot Roomba i3+ is a smart, robot-vacuum cleaner designed to make home cleaning automatic and convenient — ideal for apartments, houses, or any space where you want to reduce manual vacuuming. It brings intelligent navigation, automatic dirt disposal, voice-assistant compatibility, and a cleaning system suited for multiple floor types.",
    "price": "60900.00",
    "discount_price": "50900.00",
    "stock": 19,
    "is_active": true,
    "created_at": "2025-12-02T08:41:16.759Z",
    "updated_at": "2025-12-02T08:41:16.759Z",
    "is_verified": true
  }
},
{
  "model": "products.product",
  "pk": 79,
  "fields": {
    "name": "Sony PlayStation 5",
    "slug": "sony-playstation-5",
    "brand": "Sony",
    "category": 6,
    "image": "products/Sony_PlayStation_5.jpg",
    "description": "A powerful home-gaming console from Sony. Comes with 1 TB SSD and supports 4K games. Good for immersive console gaming.",
    "price": "49990.00",
    "discount_price": "40000.00",
    "stock": 15,
    "is_active": true,
    "created_at": "2025-12-02T08:51:20.095Z",
    "updated_at": "2025-12-02T08:51:20.095Z",
    "is_verified": true
  }
},
{
  "model": "products.product",
  "pk": 80,
  "fields": {
    "name": "Xbox Series X",
    "slug": "xbox-series-x",
    "brand": "Xbox",
    "category": 6,
    "image": "products/Xbox_Series_X.jpg",
    "description": "The Xbox Series X is a flagship next-generation gaming console by Microsoft, designed for gamers who want top-tier performance, ultra-fast load times, and 4K/8K-ready graphics. It’s built to deliver immersive gaming experiences — whether you’re into the latest AAA titles, competitive multiplayer, or large game libraries including backward-compatible classics.",
    "price": "55990.00",
    "discount_price": "49990.00",
    "stock": 20,
    "is_active": true,
    "created_at": "2025-12-02T08:54:36.980Z",
    "updated_at": "2025-12-02T08:54:36.980Z",
    "is_verified": true
  }
},
{
  "model": "products.product",
  "pk": 81,
  "fields": {
    "name": "Nintendo Switch OLED",
    "slug": "nintendo-switch-oled",
    "brand": "Nintendo",
    "category": 6,
    "image": "products/Nintendo_Switch_OLED.jpg",
    "description": "The Nintendo Switch OLED Model is the premium version of Nintendo’s hybrid gaming console — offering vivid visuals, flexible play modes and enhanced audio & storage. It’s ideal for gamers who want both portable and home-console gaming in one device, whether you’re playing on the go, on TV, or with friends/family.",
    "price": "29990.00",
    "discount_price": "22990.00",
    "stock": 15,
    "is_active": true,
    "created_at": "2025-12-02T08:55:45.274Z",
    "updated_at": "2025-12-02T08:55:45.274Z",
    "is_verified": true
  }
},
{
  "model": "products.product",
  "pk": 82,
  "fields": {
    "name": "Asus ROG Ally (Handheld gaming)",
    "slug": "asus-rog-ally-handheld-gaming",
    "brand": "Asus",
    "category": 6,
    "image": "products/Asus_ROG_Ally_Handheld_gaming.jpg",
    "description": "The ASUS ROG Ally is a powerful portable Windows-11 gaming PC that packs the performance of a gaming laptop + the portability of a handheld console. It’s built for serious gaming on the go — capable of running AAA PC titles, indie games and cloud-streamed games, all from a compact form factor.",
    "price": "69990.00",
    "discount_price": "59990.00",
    "stock": 12,
    "is_active": true,
    "created_at": "2025-12-02T08:56:48.009Z",
    "updated_at": "2025-12-02T08:56:48.009Z",
    "is_verified": true
  }
},
{
  "model": "products.product",
  "pk": 83,
  "fields": {
    "name": "Steam Deck",
    "slug": "steam-deck",
    "brand": "Steam",
    "category": 6,
    "image": "products/Steam_Deck.jpg",
    "description": "The Steam Deck is a powerful and portable handheld gaming PC made by Valve Corporation. It lets gamers carry a full-fledged PC in handheld form — capable of running modern AAA games, indie titles, and almost any PC game available on the Steam store or other PC game platforms.",
    "price": "45000.00",
    "discount_price": "40000.00",
    "stock": 13,
    "is_active": true,
    "created_at": "2025-12-02T08:58:26.639Z",
    "updated_at": "2025-12-02T08:58:26.639Z",
    "is_verified": true
  }
},
{
  "model": "products.product",
  "pk": 84,
  "fields": {
    "name": "Razer Viper Ultimate (Gaming mouse)",
    "slug": "razer-viper-ultimate-gaming-mouse",
    "brand": "Razer",
    "category": 6,
    "image": "products/Razer_Viper_Ultimate_Gaming_mouse.jpg",
    "description": "The Razer Viper Ultimate is a high-performance wireless gaming mouse engineered for esports-grade precision, speed, and comfort. With cutting-edge sensor technology, ultra-lightweight build, and customizable features, it’s well suited for competitive gamers, FPS titles, and anyone who demands responsive, lag-free control.",
    "price": "20000.00",
    "discount_price": "15000.00",
    "stock": 18,
    "is_active": true,
    "created_at": "2025-12-02T09:00:02.658Z",
    "updated_at": "2025-12-02T09:00:02.658Z",
    "is_verified": true
  }
},
{
  "model": "products.product",
  "pk": 85,
  "fields": {
    "name": "Logitech G Pro X (Gaming headset)",
    "slug": "logitech-g-pro-x-gaming-headset",
    "brand": "Logitech",
    "category": 6,
    "image": "products/Logitech_G_Pro_X_Gaming_headset.jpg",
    "description": "The Logitech G Pro X is a wired over-ear gaming headset built for serious gamers — offering clear, precise audio, competitive-grade positional sound, and reliable mic performance. It’s designed in collaboration with e-sports pros, combining comfort, durability, and high-fidelity audio for long gaming sessions, streaming, or competitive play.",
    "price": "13995.00",
    "discount_price": "11500.00",
    "stock": 16,
    "is_active": true,
    "created_at": "2025-12-02T09:00:55.016Z",
    "updated_at": "2025-12-02T09:00:55.016Z",
    "is_verified": true
  }
},
{
  "model": "products.product",
  "pk": 86,
  "fields": {
    "name": "BenQ Zowie XL2546K (Gaming monitor)",
    "slug": "benq-zowie-xl2546k-gaming-monitor",
    "brand": "BenQ",
    "category": 6,
    "image": "products/BenQ_Zowie_XL2546K_Gaming_monitor.jpg",
    "description": "The BenQ Zowie XL2546K is a competitive‑grade 24.5‑inch gaming monitor built for esports and fast‑paced games, designed to deliver ultra‑smooth, low‑lag performance. With a high refresh rate, lightning‑fast response time, and features tailored for shooters and multiplayer games — it aims to give players a competitive edge.",
    "price": "35990.00",
    "discount_price": "33998.00",
    "stock": 19,
    "is_active": true,
    "created_at": "2025-12-02T09:02:12.734Z",
    "updated_at": "2025-12-02T09:02:12.734Z",
    "is_verified": true
  }
},
{
  "model": "products.product",
  "pk": 87,
  "fields": {
    "name": "Samsung Galaxy Watch Ultra Smartwatch 2025",
    "slug": "samsung-galaxy-watch-ultra-smartwatch-2025",
    "brand": "Samsung",
    "category": 7,
    "image": "products/Samsung.jpg",
    "description": "A high‑end smartwatch with long battery life, robust fitness and health tracking, and strong build quality. Great for daily use and sports.",
    "price": "31993.00",
    "discount_price": "28993.00",
    "stock": 17,
    "is_active": true,
    "created_at": "2025-12-02T09:04:57.100Z",
    "updated_at": "2025-12-02T09:04:57.100Z",
    "is_verified": true
  }
},
{
  "model": "products.product",
  "pk": 88,
  "fields": {
    "name": "Samsung Galaxy Fit3 Smart Band",
    "slug": "samsung-galaxy-fit3-smart-band",
    "brand": "Samsung",
    "category": 7,
    "image": "products/Samsung_Galaxy_Fit3_Smart_Band_2.jpg",
    "description": "Lightweight, budget‑friendly band ideal for tracking steps, heart rate and basic fitness metrics. Good starter wearable.",
    "price": "4999.00",
    "discount_price": "3999.00",
    "stock": 16,
    "is_active": true,
    "created_at": "2025-12-02T09:08:35.670Z",
    "updated_at": "2025-12-02T09:08:35.670Z",
    "is_verified": true
  }
},
{
  "model": "products.product",
  "pk": 89,
  "fields": {
    "name": "Ultrahuman AIR Smart Ring",
    "slug": "ultrahuman-air-smart-ring",
    "brand": "Ultrahuman",
    "category": 7,
    "image": "products/Ultrahuman_AIR_Smart_Ring.jpg",
    "description": "A discreet Smart‑Ring that tracks sleep, body metrics and overall health — ideal if you prefer minimal accessories.",
    "price": "19990.00",
    "discount_price": "18999.00",
    "stock": 13,
    "is_active": true,
    "created_at": "2025-12-02T09:11:48.045Z",
    "updated_at": "2025-12-02T09:11:48.045Z",
    "is_verified": true
  }
},
{
  "model": "products.product",
  "pk": 90,
  "fields": {
    "name": "WHOOP 4.0 Health & Fitness Tracker",
    "slug": "whoop-40-health-fitness-tracker",
    "brand": "WHOOP",
    "category": 7,
    "image": "products/WHOOP_4.0_Health__Fitness_Tracker.jpg",
    "description": "A fitness‑oriented tracker focused on health, recovery and performance monitoring — useful for athletes or fitness enthusiasts.",
    "price": "17990.00",
    "discount_price": "15990.00",
    "stock": 17,
    "is_active": true,
    "created_at": "2025-12-02T09:13:34.063Z",
    "updated_at": "2025-12-02T09:13:34.063Z",
    "is_verified": true
  }
},
{
  "model": "products.product",
  "pk": 91,
  "fields": {
    "name": "WatchOut WearPods Smartwatch",
    "slug": "watchout-wearpods-smartwatch",
    "brand": "Smartwatch",
    "category": 7,
    "image": "products/smartwatch.jpg",
    "description": "A 2‑in‑1 smartwatch + earbuds wearable — neat if you want convenience and compactness in one device.",
    "price": "3999.00",
    "discount_price": "2999.00",
    "stock": 12,
    "is_active": true,
    "created_at": "2025-12-02T09:17:26.369Z",
    "updated_at": "2025-12-02T09:17:26.369Z",
    "is_verified": true
  }
},
{
  "model": "products.product",
  "pk": 92,
  "fields": {
    "name": "boAt Enigma Ascend Smartwatch",
    "slug": "boat-enigma-ascend-smartwatch",
    "brand": "boAt",
    "category": 7,
    "image": "products/boAt_Enigma_Ascend_Smartwatch.jpg",
    "description": "Affordable smartwatch with typical fitness tracking + step, SpO₂, and sleep monitoring — good value for money.",
    "price": "2699.00",
    "discount_price": "1699.00",
    "stock": 21,
    "is_active": true,
    "created_at": "2025-12-02T09:20:35.833Z",
    "updated_at": "2025-12-02T09:20:35.833Z",
    "is_verified": true
  }
},
{
  "model": "products.product",
  "pk": 93,
  "fields": {
    "name": "Fire-Lens Dune Smart Glasses",
    "slug": "fire-lens-dune-smart-glasses",
    "brand": "Fire-Lens",
    "category": 7,
    "image": "products/Fire-Lens_Dune_Smart_Glasses.jpg",
    "description": "mart glasses — representing “wearable beyond wrist or finger” — useful for AR or smart‑glass experiences.",
    "price": "1998.00",
    "discount_price": "1598.00",
    "stock": 17,
    "is_active": true,
    "created_at": "2025-12-02T09:22:28.248Z",
    "updated_at": "2025-12-02T09:22:28.248Z",
    "is_verified": true
  }
},
{
  "model": "products.product",
  "pk": 94,
  "fields": {
    "name": "pTron Orbis Neo Smart Glasses",
    "slug": "ptron-orbis-neo-smart-glasses",
    "brand": "pTron",
    "category": 7,
    "image": "products/pTron_Orbis_Neo_Smart_Glasses.jpg",
    "description": "Another entry‑level wearable in glasses form — for those interested in smart eyewear.",
    "price": "3799.00",
    "discount_price": "2799.00",
    "stock": 12,
    "is_active": true,
    "created_at": "2025-12-02T09:24:20.153Z",
    "updated_at": "2025-12-02T09:24:20.153Z",
    "is_verified": true
  }
},
{
  "model": "cart.cart",
  "pk": 6,
  "fields": {
    "user": 2,
    "created_at": "2025-11-14T13:33:45.736Z"
  }
},
{
  "model": "cart.cart",
  "pk": 9,
  "fields": {
    "user": 4,
    "created_at": "2025-11-20T06:01:15.627Z"
  }
},
{
  "model": "cart.cart",
  "pk": 10,
  "fields": {
    "user": 5,
    "created_at": "2025-11-20T16:33:01.740Z"
  }
},
{
  "model": "cart.cart",
  "pk": 11,
  "fields": {
    "user": 10,
    "created_at": "2025-12-06T15:44:40.271Z"
  }
},
{
  "model": "cart.cart",
  "pk": 12,
  "fields": {
    "user": 11,
    "created_at": "2025-12-07T16:12:02.430Z"
  }
},
{
  "model": "cart.cart",
  "pk": 13,
  "fields": {
    "user": 14,
    "created_at": "2026-04-18T05:00:24.787Z"
  }
},
{
  "model": "cart.cartitem",
  "pk": 31,
  "fields": {
    "cart": 10,
    "product": 20,
    "quantity": 4
  }
},
{
  "model": "cart.cartitem",
  "pk": 32,
  "fields": {
    "cart": 10,
    "product": 21,
    "quantity": 2
  }
},
{
  "model": "cart.cartitem",
  "pk": 33,
  "fields": {
    "cart": 10,
    "product": 22,
    "quantity": 1
  }
},
{
  "model": "cart.cartitem",
  "pk": 34,
  "fields": {
    "cart": 10,
    "product": 27,
    "quantity": 1
  }
},
{
  "model": "cart.cartitem",
  "pk": 35,
  "fields": {
    "cart": 9,
    "product": 22,
    "quantity": 1
  }
},
{
  "model": "cart.cartitem",
  "pk": 36,
  "fields": {
    "cart": 12,
    "product": 56,
    "quantity": 1
  }
},
{
  "model": "orders.order",
  "pk": 1,
  "fields": {
    "user": 2,
    "product": null,
    "quantity": 1,
    "total_amount": "110000.00",
    "payment_method": "COD",
    "is_paid": false,
    "created_at": "2025-11-11T14:19:50.907Z"
  }
},
{
  "model": "orders.order",
  "pk": 2,
  "fields": {
    "user": 2,
    "product": null,
    "quantity": 1,
    "total_amount": "15000.00",
    "payment_method": "COD",
    "is_paid": false,
    "created_at": "2025-11-11T14:21:00.583Z"
  }
},
{
  "model": "orders.order",
  "pk": 3,
  "fields": {
    "user": 2,
    "product": null,
    "quantity": 1,
    "total_amount": "50000.00",
    "payment_method": "COD",
    "is_paid": false,
    "created_at": "2025-11-11T14:22:32.825Z"
  }
},
{
  "model": "orders.order",
  "pk": 4,
  "fields": {
    "user": 2,
    "product": null,
    "quantity": 1,
    "total_amount": "50000.00",
    "payment_method": "COD",
    "is_paid": false,
    "created_at": "2025-11-11T15:00:58.636Z"
  }
},
{
  "model": "orders.order",
  "pk": 5,
  "fields": {
    "user": 2,
    "product": null,
    "quantity": 1,
    "total_amount": "15000.00",
    "payment_method": "COD",
    "is_paid": false,
    "created_at": "2025-11-14T13:02:59.063Z"
  }
},
{
  "model": "orders.order",
  "pk": 6,
  "fields": {
    "user": 4,
    "product": null,
    "quantity": 1,
    "total_amount": "50000.00",
    "payment_method": "COD",
    "is_paid": false,
    "created_at": "2025-11-20T06:00:03.393Z"
  }
},
{
  "model": "orders.order",
  "pk": 7,
  "fields": {
    "user": 4,
    "product": null,
    "quantity": 1,
    "total_amount": "50000.00",
    "payment_method": "COD",
    "is_paid": false,
    "created_at": "2025-11-20T06:01:05.654Z"
  }
},
{
  "model": "orders.order",
  "pk": 8,
  "fields": {
    "user": 5,
    "product": null,
    "quantity": 1,
    "total_amount": "36689.00",
    "payment_method": "COD",
    "is_paid": false,
    "created_at": "2025-11-25T17:05:14.595Z"
  }
},
{
  "model": "orders.order",
  "pk": 9,
  "fields": {
    "user": 5,
    "product": null,
    "quantity": 1,
    "total_amount": "221423.00",
    "payment_method": "COD",
    "is_paid": false,
    "created_at": "2025-11-25T17:11:07.854Z"
  }
},
{
  "model": "orders.order",
  "pk": 10,
  "fields": {
    "user": 5,
    "product": null,
    "quantity": 1,
    "total_amount": "89990.00",
    "payment_method": "COD",
    "is_paid": false,
    "created_at": "2025-11-26T07:21:10.779Z"
  }
},
{
  "model": "orders.order",
  "pk": 11,
  "fields": {
    "user": 5,
    "product": null,
    "quantity": 1,
    "total_amount": "120399.00",
    "payment_method": "COD",
    "is_paid": false,
    "created_at": "2025-11-26T07:59:51.325Z"
  }
},
{
  "model": "orders.order",
  "pk": 12,
  "fields": {
    "user": 5,
    "product": null,
    "quantity": 1,
    "total_amount": "221423.00",
    "payment_method": "COD",
    "is_paid": false,
    "created_at": "2025-11-26T08:29:11.229Z"
  }
},
{
  "model": "orders.order",
  "pk": 13,
  "fields": {
    "user": 5,
    "product": null,
    "quantity": 1,
    "total_amount": "89990.00",
    "payment_method": "COD",
    "is_paid": false,
    "created_at": "2025-11-26T08:36:54.189Z"
  }
},
{
  "model": "orders.order",
  "pk": 14,
  "fields": {
    "user": 5,
    "product": null,
    "quantity": 1,
    "total_amount": "179999.00",
    "payment_method": "COD",
    "is_paid": false,
    "created_at": "2025-11-26T08:37:51.677Z"
  }
},
{
  "model": "orders.order",
  "pk": 15,
  "fields": {
    "user": 5,
    "product": null,
    "quantity": 1,
    "total_amount": "179999.00",
    "payment_method": "COD",
    "is_paid": false,
    "created_at": "2025-11-26T09:00:25.773Z"
  }
},
{
  "model": "orders.order",
  "pk": 16,
  "fields": {
    "user": 5,
    "product": null,
    "quantity": 1,
    "total_amount": "89990.00",
    "payment_method": "COD",
    "is_paid": false,
    "created_at": "2025-11-26T13:05:37.944Z"
  }
},
{
  "model": "orders.order",
  "pk": 17,
  "fields": {
    "user": 5,
    "product": null,
    "quantity": 1,
    "total_amount": "89990.00",
    "payment_method": "COD",
    "is_paid": false,
    "created_at": "2025-11-26T13:22:52.851Z"
  }
},
{
  "model": "orders.order",
  "pk": 18,
  "fields": {
    "user": 5,
    "product": null,
    "quantity": 1,
    "total_amount": "36689.00",
    "payment_method": "COD",
    "is_paid": false,
    "created_at": "2025-11-26T13:23:03.797Z"
  }
},
{
  "model": "orders.order",
  "pk": 19,
  "fields": {
    "user": 5,
    "product": 20,
    "quantity": 1,
    "total_amount": "89990.00",
    "payment_method": "COD",
    "is_paid": false,
    "created_at": "2025-11-26T13:26:11.952Z"
  }
},
{
  "model": "orders.order",
  "pk": 20,
  "fields": {
    "user": 5,
    "product": 41,
    "quantity": 1,
    "total_amount": "176699.00",
    "payment_method": "COD",
    "is_paid": false,
    "created_at": "2025-11-26T13:26:18.010Z"
  }
},
{
  "model": "orders.order",
  "pk": 21,
  "fields": {
    "user": 5,
    "product": 21,
    "quantity": 1,
    "total_amount": "36689.00",
    "payment_method": "COD",
    "is_paid": false,
    "created_at": "2025-11-26T13:31:09.736Z"
  }
},
{
  "model": "orders.order",
  "pk": 22,
  "fields": {
    "user": 5,
    "product": 42,
    "quantity": 1,
    "total_amount": "75000.00",
    "payment_method": "COD",
    "is_paid": false,
    "created_at": "2025-11-26T13:31:46.954Z"
  }
},
{
  "model": "orders.order",
  "pk": 23,
  "fields": {
    "user": 5,
    "product": 42,
    "quantity": 1,
    "total_amount": "75000.00",
    "payment_method": "COD",
    "is_paid": false,
    "created_at": "2025-11-26T13:35:09.317Z"
  }
},
{
  "model": "orders.order",
  "pk": 24,
  "fields": {
    "user": 5,
    "product": 41,
    "quantity": 1,
    "total_amount": "176699.00",
    "payment_method": "COD",
    "is_paid": false,
    "created_at": "2025-11-26T13:35:16.320Z"
  }
},
{
  "model": "orders.order",
  "pk": 25,
  "fields": {
    "user": 5,
    "product": 21,
    "quantity": 1,
    "total_amount": "34599.00",
    "payment_method": "COD",
    "is_paid": false,
    "created_at": "2025-11-26T13:51:13.335Z"
  }
},
{
  "model": "orders.order",
  "pk": 26,
  "fields": {
    "user": 5,
    "product": 22,
    "quantity": 1,
    "total_amount": "171290.00",
    "payment_method": "COD",
    "is_paid": false,
    "created_at": "2025-11-26T13:53:28.321Z"
  }
},
{
  "model": "orders.order",
  "pk": 27,
  "fields": {
    "user": 5,
    "product": 42,
    "quantity": 1,
    "total_amount": "70000.00",
    "payment_method": "COD",
    "is_paid": false,
    "created_at": "2025-11-26T13:54:38.855Z"
  }
},
{
  "model": "orders.order",
  "pk": 28,
  "fields": {
    "user": 5,
    "product": 42,
    "quantity": 1,
    "total_amount": "70000.00",
    "payment_method": "ONLINE",
    "is_paid": false,
    "created_at": "2025-11-26T13:57:11.804Z"
  }
},
{
  "model": "orders.order",
  "pk": 29,
  "fields": {
    "user": 5,
    "product": 42,
    "quantity": 1,
    "total_amount": "70000.00",
    "payment_method": "COD",
    "is_paid": false,
    "created_at": "2025-11-26T13:58:35.156Z"
  }
},
{
  "model": "orders.order",
  "pk": 30,
  "fields": {
    "user": 5,
    "product": 41,
    "quantity": 1,
    "total_amount": "131990.00",
    "payment_method": "COD",
    "is_paid": false,
    "created_at": "2025-11-26T14:04:04.366Z"
  }
},
{
  "model": "orders.order",
  "pk": 31,
  "fields": {
    "user": 5,
    "product": 21,
    "quantity": 1,
    "total_amount": "34599.00",
    "payment_method": "COD",
    "is_paid": false,
    "created_at": "2025-11-26T14:13:16.338Z"
  }
},
{
  "model": "orders.order",
  "pk": 32,
  "fields": {
    "user": 5,
    "product": 22,
    "quantity": 1,
    "total_amount": "171290.00",
    "payment_method": "COD",
    "is_paid": false,
    "created_at": "2025-11-26T14:20:39.082Z"
  }
},
{
  "model": "orders.order",
  "pk": 33,
  "fields": {
    "user": 5,
    "product": 20,
    "quantity": 1,
    "total_amount": "54990.00",
    "payment_method": "COD",
    "is_paid": false,
    "created_at": "2025-11-27T12:42:42.039Z"
  }
},
{
  "model": "orders.order",
  "pk": 34,
  "fields": {
    "user": 5,
    "product": 43,
    "quantity": 1,
    "total_amount": "74900.00",
    "payment_method": "COD",
    "is_paid": false,
    "created_at": "2025-11-29T12:49:19.844Z"
  }
},
{
  "model": "orders.order",
  "pk": 35,
  "fields": {
    "user": 10,
    "product": 73,
    "quantity": 1,
    "total_amount": "2500.00",
    "payment_method": "COD",
    "is_paid": false,
    "created_at": "2025-12-06T15:44:35.342Z"
  }
},
{
  "model": "orders.orderitem",
  "pk": 10,
  "fields": {
    "order": 8,
    "product": 21,
    "quantity": 1,
    "price": "36689.00"
  }
},
{
  "model": "orders.orderitem",
  "pk": 11,
  "fields": {
    "order": 9,
    "product": 22,
    "quantity": 1,
    "price": "221423.00"
  }
},
{
  "model": "orders.orderitem",
  "pk": 12,
  "fields": {
    "order": 10,
    "product": 20,
    "quantity": 1,
    "price": "89990.00"
  }
},
{
  "model": "orders.orderitem",
  "pk": 13,
  "fields": {
    "order": 11,
    "product": 24,
    "quantity": 1,
    "price": "120399.00"
  }
},
{
  "model": "orders.orderitem",
  "pk": 14,
  "fields": {
    "order": 12,
    "product": 22,
    "quantity": 1,
    "price": "221423.00"
  }
},
{
  "model": "orders.orderitem",
  "pk": 15,
  "fields": {
    "order": 13,
    "product": 20,
    "quantity": 1,
    "price": "89990.00"
  }
},
{
  "model": "orders.orderitem",
  "pk": 16,
  "fields": {
    "order": 14,
    "product": 29,
    "quantity": 1,
    "price": "179999.00"
  }
},
{
  "model": "orders.orderitem",
  "pk": 17,
  "fields": {
    "order": 15,
    "product": 29,
    "quantity": 1,
    "price": "179999.00"
  }
},
{
  "model": "orders.orderitem",
  "pk": 18,
  "fields": {
    "order": 16,
    "product": 20,
    "quantity": 1,
    "price": "89990.00"
  }
},
{
  "model": "orders.orderitem",
  "pk": 19,
  "fields": {
    "order": 17,
    "product": 20,
    "quantity": 1,
    "price": "89990.00"
  }
},
{
  "model": "orders.orderitem",
  "pk": 20,
  "fields": {
    "order": 18,
    "product": 21,
    "quantity": 1,
    "price": "36689.00"
  }
},
{
  "model": "orders.orderitem",
  "pk": 21,
  "fields": {
    "order": 19,
    "product": 20,
    "quantity": 1,
    "price": "89990.00"
  }
},
{
  "model": "orders.orderitem",
  "pk": 22,
  "fields": {
    "order": 20,
    "product": 41,
    "quantity": 1,
    "price": "176699.00"
  }
},
{
  "model": "orders.orderitem",
  "pk": 23,
  "fields": {
    "order": 21,
    "product": 21,
    "quantity": 1,
    "price": "36689.00"
  }
},
{
  "model": "orders.orderitem",
  "pk": 24,
  "fields": {
    "order": 22,
    "product": 42,
    "quantity": 1,
    "price": "75000.00"
  }
},
{
  "model": "orders.orderitem",
  "pk": 25,
  "fields": {
    "order": 23,
    "product": 42,
    "quantity": 1,
    "price": "75000.00"
  }
},
{
  "model": "orders.orderitem",
  "pk": 26,
  "fields": {
    "order": 24,
    "product": 41,
    "quantity": 1,
    "price": "176699.00"
  }
},
{
  "model": "wishlist.wishlist",
  "pk": 16,
  "fields": {
    "user": 5,
    "product": 20,
    "added_at": "2025-11-24T14:54:41.692Z"
  }
},
{
  "model": "wishlist.wishlist",
  "pk": 18,
  "fields": {
    "user": 5,
    "product": 29,
    "added_at": "2025-11-26T08:37:13.170Z"
  }
},
{
  "model": "wishlist.wishlist",
  "pk": 19,
  "fields": {
    "user": 4,
    "product": 22,
    "added_at": "2025-12-04T06:06:34.782Z"
  }
},
{
  "model": "rating.rating",
  "pk": 1,
  "fields": {
    "user": 5,
    "product": 20,
    "stars": 4,
    "review": "dsa",
    "created_at": "2025-11-24T16:27:22.799Z"
  }
},
{
  "model": "rating.rating",
  "pk": 2,
  "fields": {
    "user": 5,
    "product": 21,
    "stars": 2,
    "review": "dsa",
    "created_at": "2025-11-25T16:35:03.974Z"
  }
},
{
  "model": "rating.rating",
  "pk": 3,
  "fields": {
    "user": 5,
    "product": 23,
    "stars": 4,
    "review": "3eq2",
    "created_at": "2025-11-26T07:54:11.657Z"
  }
},
{
  "model": "rating.rating",
  "pk": 4,
  "fields": {
    "user": 5,
    "product": 43,
    "stars": 2,
    "review": "sas",
    "created_at": "2025-11-29T12:49:08.103Z"
  }
},
{
  "model": "rating.rating",
  "pk": 5,
  "fields": {
    "user": 5,
    "product": 89,
    "stars": 2,
    "review": "dhg",
    "created_at": "2025-12-02T09:25:07.457Z"
  }
}
]
